L-wrist,R-wrist,L-elbow,R-elbow,L-shoulder,R-shoulder,L-knee,R-knee,L-ankle,R-ankle,L-hip,R-hip,Pose_Label
235.0761653,240.6011996,185.5717982,186.7552857,168.5296428,167.7314835,176.2422613,177.9760221,247.4147053,229.5106023,199.7700517,18.90623056,adho mukha svanasana
226.1189066,213.1022211,192.0015313,186.4460959,174.7491981,171.8633087,180.5073452,183.5390342,251.7186546,226.3537033,99.00566911,78.41013077,adho mukha svanasana
153.1694866,145.588429,173.8903353,174.740827,194.2854783,184.8274685,182.1610495,168.3062689,115.0020268,101.6184924,192.7048781,222.2894466,adho mukha svanasana
162.3065401,195.9188827,171.5886572,90.43970682,193.7255868,60.41729144,181.2509778,191.2895898,143.2706004,144.744253,260.8613931,77.34630093,adho mukha svanasana
114.4615987,177.2843749,151.07509,131.2341333,201.0030528,208.277708,182.2233761,183.7325221,134.0233012,134.8480915,206.9754625,25.20228721,adho mukha svanasana
163.2961095,156.0669496,167.0205738,167.7500682,197.6657654,195.1640123,180.6360261,181.59504,121.2013457,105.3716948,244.8620861,66.28844285,adho mukha svanasana
135.4483486,216.0305347,198.756918,199.9181933,179.1505749,178.0516398,180.8077299,181.9219561,217.6711597,236.8834444,182.5159437,1.99658782,adho mukha svanasana
206.217262,147.2993891,203.1765541,202.4147005,187.2514948,188.0755064,176.4680212,172.6997963,256.278994,248.5119789,17.63716654,200.1872363,adho mukha svanasana
156.8728872,159.761551,164.933182,165.0056718,189.9328761,188.6759837,182.732362,183.5541633,119.1082203,117.4334345,263.3064137,81.72054201,adho mukha svanasana
156.7938689,164.09349,171.4873535,170.8435357,184.2853527,181.777552,172.2727447,180.0043512,143.1223149,118.790184,285.9149271,104.3589251,adho mukha svanasana
198.0888178,200.5460307,191.9397653,198.2453579,189.6249033,184.5317357,186.17661,196.8832951,227.1160156,167.9173396,190.0889125,115.2262831,adho mukha svanasana
145.3592788,147.0969195,163.6320317,171.9845923,197.7272226,194.861845,177.392724,175.3143202,109.5702424,110.7138034,32.38772548,148.4555023,adho mukha svanasana
152.603353,150.4529483,173.5490747,175.3208434,193.9607595,185.4413761,181.2324101,167.7760515,115.2999041,102.3772271,200.5171757,218.5463915,adho mukha svanasana
157.098726,155.651364,173.0859423,169.4596692,183.7707065,183.8540579,175.0412832,177.5965452,121.1798347,112.8437506,270.5495976,90.05212901,adho mukha svanasana
211.8665996,213.9085523,200.5826262,197.0741887,154.3702814,155.1833836,181.7827088,180.2707223,262.3297599,266.2622842,72.44052754,107.9443783,adho mukha svanasana
137.2832941,154.7897014,161.4488324,160.2867802,203.1662768,196.6902421,175.7229067,182.5495366,116.0242917,212.99641,203.1936132,225.6216946,adho mukha svanasana
163.7302307,169.3228182,169.8401744,165.5146697,191.7649515,188.0905725,184.9474277,175.484863,164.0060546,141.7119632,77.23385054,106.3251956,adho mukha svanasana
149.9048501,156.3068959,153.6103556,149.8455993,178.8168784,185.6698999,170.141076,175.6772997,123.1117716,116.5255967,223.7921852,41.96320287,adho mukha svanasana
157.8395983,165.8335243,156.844437,153.4804844,183.9639262,183.4717279,180.1993327,181.9626367,99.68002806,98.39192073,12.40551313,192.0769037,adho mukha svanasana
140.0185832,147.8749623,168.0432567,166.4456919,185.9915679,187.8044497,182.7033017,181.1414092,120.2127788,117.2399327,61.62400271,118.1031715,adho mukha svanasana
223.4194537,218.3394835,189.6855557,188.6640062,180.4511533,183.9489644,187.6626293,184.057734,251.4799471,254.9365106,71.39535639,109.3786686,adho mukha svanasana
210.0339122,198.9595912,187.3448438,191.4719885,173.7098956,176.4421421,173.5128146,165.3356843,272.4616095,266.3617545,101.6237635,82.17009536,adho mukha svanasana
152.3847055,165.3409332,163.143688,161.6170614,203.5907615,204.6690969,169.5741072,171.64889,87.06206853,83.24171577,293.8369932,113.5647965,adho mukha svanasana
215.5851568,141.2933951,201.6893861,203.8918085,168.4294425,175.0271169,172.4143683,164.323813,252.9794452,241.5042295,103.3781018,70.69145377,adho mukha svanasana
159.959155,178.0859237,167.6098053,164.6468894,189.4952944,190.9282024,196.9480239,184.9378784,142.939321,147.0936927,66.20439691,115.2067975,adho mukha svanasana
131.3125023,158.7492571,171.8852832,172.0272909,160.4687895,171.9423198,181.1060525,178.4961772,107.0166567,107.4519064,215.2893474,35.08986915,adho mukha svanasana
148.8210516,126.9362258,160.5878687,160.7004902,176.182021,176.6656239,174.8771966,175.7711798,115.0072628,108.1793123,225.0760564,45.4175522,adho mukha svanasana
135.4483486,216.0305347,198.756918,199.9181933,179.1505749,178.0516398,180.8077299,181.9219561,217.6711597,236.8834444,182.5159437,1.99658782,adho mukha svanasana
231.4603214,217.8380074,195.2775635,193.7946452,174.4014095,176.6271819,179.9320193,179.9124694,235.9726589,233.5600356,16.5543733,162.9523203,adho mukha svanasana
147.4109076,144.0594797,173.2623406,169.4980907,192.1676541,193.5890726,181.1826214,182.7294587,109.1600828,108.4498345,215.784747,34.67222101,adho mukha svanasana
218.8446463,215.6853036,191.0123709,194.8915749,184.147494,183.3370749,178.1265092,177.5469896,245.0997013,236.0543745,27.76852049,152.2924678,adho mukha svanasana
226.3269651,213.1980924,185.8179903,190.161434,166.2330079,165.3065388,178.7838965,172.2722673,253.5585758,243.4831099,109.0783034,72.51521124,adho mukha svanasana
140.6302777,150.9529501,157.9381232,162.1715237,176.5549541,172.4266792,182.6985007,181.598554,135.803623,129.8545739,74.60516008,105.1928204,adho mukha svanasana
122.7883164,233.2805727,198.4546191,193.0131608,155.8825429,160.6268161,194.1441248,187.1997335,238.7890414,232.36343,152.5820784,23.35612925,adho mukha svanasana
148.2443785,159.1217121,168.4812423,167.9956603,188.0597351,182.9438513,174.6453493,178.5885653,131.5327067,124.5747153,282.1629033,100.5597235,adho mukha svanasana
219.344594,204.1951812,188.1881954,182.5479521,182.8139386,185.5646198,181.0648171,178.9047481,247.7673594,224.9694512,55.59419323,237.6722727,adho mukha svanasana
161.3466317,152.137315,173.8573489,179.6489892,188.8118997,185.3984132,177.08027,175.1497659,111.8493539,109.0005438,19.84528627,161.3070185,adho mukha svanasana
153.7128243,153.1614603,175.4099245,177.2391373,189.1998142,186.8128567,175.2394059,173.315498,111.8790928,109.3287831,10.80707179,170.1420669,adho mukha svanasana
145.1365085,137.4406843,176.1517868,174.6061625,182.9310634,181.7703564,185.7378648,187.6288209,112.7593805,126.1672827,63.60154245,114.6048996,adho mukha svanasana
107.7528861,217.1116509,188.6282935,188.5708163,173.1027801,174.0107094,181.9177779,181.7725749,246.5877563,243.9701365,210.9333207,30.44593801,adho mukha svanasana
126.0141125,181.3212997,191.880598,203.1786251,177.7479134,179.1609956,183.2089652,177.3794534,238.1193898,232.4536263,169.7061408,9.161438975,adho mukha svanasana
228.0680101,229.5380874,187.5053287,186.580734,174.4352047,181.3965849,155.3324949,156.7733533,242.5649261,221.8561703,69.16586452,109.8530471,adho mukha svanasana
137.2877437,211.784612,194.9570468,189.4356322,183.142394,188.6167762,187.2362327,191.6787749,237.0322268,160.6448697,175.9764748,138.0996473,adho mukha svanasana
142.9027154,161.2997626,172.8310972,165.998152,181.6998592,182.2251525,177.5222703,177.9049836,119.465502,115.8091731,0.551328005,179.3819725,adho mukha svanasana
152.1794584,153.9907954,165.0091647,163.0690435,182.3143648,181.2163711,197.8581737,198.7249129,120.949826,119.551462,261.3952508,81.69738838,adho mukha svanasana
160.6525274,179.5700823,179.8856117,172.4000219,177.9446547,192.2413424,204.5445237,204.1334468,167.0720734,167.4072404,195.0125313,14.00185973,adho mukha svanasana
146.3435061,152.6226027,172.2676035,166.0813789,195.263867,195.4622944,178.0864427,178.154343,114.5571403,116.5914384,238.3408272,57.51945194,adho mukha svanasana
168.6977744,180.3891357,160.6018932,160.3476418,195.0161466,191.3542945,203.9747094,188.1047557,150.9215687,142.2935864,86.2840411,100.4636732,adho mukha svanasana
231.9878902,217.9794566,189.1549727,182.9191893,163.4164688,165.2119094,186.8037129,185.8309459,255.6609239,247.6044618,28.53678575,152.2485363,adho mukha svanasana
205.9095594,195.4591623,191.661639,188.9879165,180.3437226,180.4148311,182.1909999,182.16571,241.7866258,236.3783901,225.885023,45.80513629,adho mukha svanasana
141.3177035,158.6995911,170.2335729,165.0257405,187.958282,189.1407774,176.5718962,173.9184004,105.3203701,97.55880694,17.19604202,164.2741822,adho mukha svanasana
172.5525774,165.273328,174.8674255,170.2739464,160.5690839,166.4778815,190.0065794,186.7385868,132.3034668,114.4925244,65.70391679,118.564404,adho mukha svanasana
217.7007916,208.4740229,204.6427791,194.626224,169.9310185,172.9574291,177.0990886,177.9098798,243.3583255,245.8325304,105.248053,74.13550768,adho mukha svanasana
229.4271572,220.8658892,193.815849,185.5084489,165.8526013,168.7733968,179.1891308,179.2718565,244.9793347,239.5952442,33.02050636,146.3301397,adho mukha svanasana
230.085756,221.9069678,194.1470572,187.7877583,173.2099763,178.0324254,179.4947763,177.9657454,257.5258802,250.5388594,13.58833428,167.1651122,adho mukha svanasana
124.1991049,156.7812575,169.2220403,166.1490077,212.2651878,207.2748876,183.2808085,164.2064259,121.8848358,95.90850621,196.1510248,239.3949584,adho mukha svanasana
133.409812,145.5182306,160.0172678,163.5544256,185.1271546,187.7461831,183.1085938,163.8202363,147.8479513,143.9738409,228.588475,74.89218794,adho mukha svanasana
222.2564752,203.927335,192.0590772,188.7511162,165.5130627,161.2357506,178.2818208,168.0014085,245.0249167,231.5535939,94.75814143,87.28853372,adho mukha svanasana
144.1099406,155.4809784,159.0802159,159.249335,179.2474871,177.8566143,182.5674498,182.6779527,123.9486125,119.2750921,63.10722674,116.854616,adho mukha svanasana
215.9367845,204.897254,197.9312635,200.0442128,175.1098066,175.5459317,179.7049344,175.6994947,254.6246664,260.3143627,53.79896393,126.8746859,adho mukha svanasana
227.5907223,216.9766921,190.5106546,189.966159,165.6787958,165.6354926,161.7770608,160.2890999,245.9420621,240.8338328,109.2327768,70.68817214,adho mukha svanasana
107.4265313,104.9957203,187.3523455,187.8143636,171.6080591,174.6361729,182.3221261,180.4709818,250.8909627,232.8878395,27.21308247,153.4544467,adho mukha svanasana
157.5017865,143.9031203,183.2704192,181.8120314,174.8663418,173.0582452,184.3209047,183.7239847,78.45988686,124.9280982,280.2695885,98.57925766,adho mukha svanasana
211.989189,218.0252291,190.3322551,183.8039972,162.6518829,170.0736579,171.1738338,163.7959622,221.8255938,229.8361065,88.3315819,86.13708774,adho mukha svanasana
206.6986954,211.6721602,200.5692405,193.0273648,174.9970186,175.8506817,181.5142896,174.7244836,210.6576776,197.1248948,249.0283365,85.81469006,adho mukha svanasana
141.6813094,210.0333227,198.6158199,198.2582151,192.5861114,191.3739952,179.9990592,181.3053712,236.6204348,238.7019312,92.4984181,85.72267158,adho mukha svanasana
161.2895583,153.5958684,156.8605896,159.9626292,189.219619,189.8572246,180.6407562,183.2426856,115.8644817,115.2216629,27.94237584,150.4141373,adho mukha svanasana
149.0893561,150.5166866,159.5663204,169.4367608,198.2259865,196.9984724,182.520035,177.6370224,152.4100559,141.8037979,84.38260226,267.3322307,adho mukha svanasana
142.4644437,164.7486155,68.31699779,66.67578861,125.9017291,112.0089165,45.354573,37.70720096,130.6471984,142.463621,9.089322492,196.9107825,balasana
197.0108114,160.9872434,169.670921,212.6389451,316.5449164,297.6514031,309.0588384,315.0087609,244.1654392,249.3650712,53.5951938,121.6863299,balasana
145.9822085,187.2773483,219.9528746,214.7327981,138.2655351,148.4251538,53.93822115,64.48212304,116.9087182,116.422348,191.0791933,10.24164924,balasana
124.5175789,143.1211608,205.1160653,201.8884547,146.8348454,149.6725637,54.44855516,66.60487529,115.077865,120.2349331,224.5611331,43.01689106,balasana
168.9043293,148.4224843,245.9166176,83.24305618,140.3929255,19.68915345,42.23679383,47.04174514,149.1605296,180.0906215,113.1689993,75.84538085,balasana
203.1644038,191.3636144,199.8078321,205.0382932,145.9180747,130.772432,51.151224,58.5726653,114.559878,122.798572,251.2770905,70.84747205,balasana
153.0647895,196.2903053,187.3534422,173.9259427,171.9172896,194.5579142,1.937413083,60.08093298,221.8734029,134.0731316,226.7486993,134.3797105,balasana
151.0980499,169.6971979,108.1404059,144.58841,311.2446846,234.2501646,307.5216424,287.6105285,240.9866172,230.2811837,130.4095689,46.85684294,balasana
90.55045857,159.6124425,123.5745643,151.3972175,239.5266811,233.3090139,297.2718308,304.3815124,266.3421467,265.8387885,79.58139593,96.27213731,balasana
162.2614858,155.359743,158.761248,197.8330928,62.8778013,40.13904422,48.9055557,54.8863453,123.1502795,136.8236044,234.7447797,52.04093378,balasana
107.2846685,205.7581291,144.3591949,133.9769652,222.6056237,202.2714611,298.5770572,302.7082576,205.4802521,216.3299304,83.33320415,101.8997996,balasana
170.1167752,180.526758,141.5897254,140.8109256,223.6999692,222.900398,50.37501931,47.45752623,243.3920751,264.1092173,60.10737397,117.3376509,balasana
111.2428298,97.53981169,217.6423264,211.8790501,142.2038278,145.1680467,49.14736907,56.4874408,114.6409179,123.4623556,243.5028016,61.36958772,balasana
146.4547189,157.5242751,189.1776287,192.581662,162.9840266,155.6590173,34.50879535,40.12320979,118.1959663,116.2542128,289.4763831,108.7902197,balasana
107.4800445,130.4994514,242.1888481,250.1294749,70.87443368,71.03150349,52.97061947,54.87695991,144.6379669,140.0464103,250.7051745,74.05293906,balasana
163.6279425,185.6517661,238.5619276,213.8970056,134.3018653,133.8066765,45.39696437,60.4478792,95.44061741,117.4344104,232.6452651,51.8931777,balasana
132.470909,169.3484575,150.3768068,161.1081025,225.6666463,221.2641493,48.16735794,49.45230815,234.026987,239.971575,83.41199266,97.15832108,balasana
88.90832287,145.5165301,151.0782128,101.8821753,229.7062501,224.1086412,63.24891836,52.03172083,200.753684,197.6421655,27.00283714,153.2246784,balasana
158.7254791,97.60903681,251.9023808,225.5077261,76.66975365,69.48522774,40.63926235,42.86259255,155.5229629,128.6372421,247.5020978,67.08356805,balasana
146.4417234,219.5662948,207.7646295,191.9542876,148.3500379,152.6791943,47.45019889,56.19483426,124.6565483,138.9485421,247.5771401,64.494941,balasana
187.6459749,156.6658748,195.9468995,214.4232828,315.3005323,304.0302178,40.29376508,322.2255033,244.8545407,248.5899082,57.39632675,119.382807,balasana
200.3715958,177.8380818,212.8472101,210.4736401,44.44189512,53.49850672,134.2775545,97.83634174,209.6356863,200.129922,244.4122578,89.79024665,balasana
155.6453484,138.8325548,207.3137845,203.5798902,187.4360787,189.1098248,75.25811547,89.68210082,156.1163952,159.4049848,200.6383104,20.46392612,balasana
130.8859644,215.2669875,197.1486563,192.9550349,137.2203284,137.1265736,55.62753724,65.55619357,107.6503525,106.0564323,233.9947015,55.22714483,balasana
112.4892563,119.9763622,236.1143997,234.4790369,113.6232235,101.6431573,51.0744268,55.43045028,131.0880643,111.0973118,216.4847257,35.39571067,balasana
152.2425046,149.9745406,148.3700152,142.9210635,303.6629665,304.0300679,258.8759388,244.6682161,130.2009473,128.8305473,88.36299313,101.5687595,balasana
159.6986937,147.5889452,228.4743348,209.3789638,146.402445,142.3877318,43.07624109,59.6863045,89.52624806,121.103124,233.252065,55.84701275,balasana
121.2453933,174.6198541,154.1242925,142.4990302,324.4457631,289.3624001,299.7941799,38.34395001,235.0344265,257.3487213,54.91436692,135.6721212,balasana
138.1700846,167.9261097,134.9852911,129.0688739,222.2751229,219.7763966,301.1565156,309.1872568,245.2279539,260.2709386,43.74454851,133.1162011,balasana
178.4028193,195.1475244,169.2449578,186.6214399,321.6875604,312.3039448,297.3055209,306.3702155,218.2273522,216.7532249,52.72204683,123.5378977,balasana
136.075941,195.0943314,208.6032478,199.7590643,149.5797828,122.1441528,54.28934948,64.83423589,119.7760371,133.8911256,217.1608986,43.26069156,balasana
185.2316263,133.708613,48.95721035,185.8383177,15.2416374,23.00793856,136.6873419,101.1379411,191.5594302,163.4117067,24.42159777,179.3243214,balasana
146.505005,192.922836,137.8269594,133.7966264,217.8598893,220.0812852,300.3051738,308.5851483,253.4412291,271.7289492,56.46708565,118.0639196,balasana
215.366445,195.7116196,200.0956436,194.1564546,147.2840887,147.6450527,46.47277224,55.00263466,107.3837861,89.85870355,256.8370774,74.17310499,balasana
165.3190713,183.9567678,155.3585676,184.165723,48.72599871,28.29674144,33.9102565,32.36232775,105.9580783,109.0544867,254.1997521,63.72043585,balasana
180.1818465,203.0903331,196.4595791,149.6849759,153.9520403,191.5256766,87.75199734,38.42915051,170.8955178,153.9052521,56.77853562,120.8399079,balasana
183.6551268,171.8321832,180.9526055,209.7383748,319.1946116,301.4316066,303.4556442,314.8865162,235.664614,246.0537275,58.51768893,116.0610008,balasana
178.863858,174.5767436,220.6402401,135.6222333,0.444404442,272.8612206,65.78878264,41.23048508,165.6866508,159.0083392,70.64276799,120.4829452,balasana
191.4837636,184.9049332,130.7810715,189.4739687,73.78266112,42.16202922,43.56829629,72.07195136,160.2993472,104.8868231,211.7075288,36.25612997,balasana
180.4439804,171.6188877,201.817936,222.5795023,14.16935344,2.606469534,149.8390373,58.08772269,198.9223366,172.9445322,95.56393348,82.46919058,balasana
97.63150226,176.6301349,221.5603673,104.9650779,121.8818265,122.8038601,38.02665417,49.78084178,173.414929,165.7117834,3.189998319,188.3234241,balasana
106.3386448,194.1619722,214.3506998,220.4887172,134.437756,138.7526298,64.81166749,74.14081609,117.8609041,140.0052353,228.7703846,46.67979153,balasana
148.3170889,164.0303997,170.2479882,164.3296568,203.8089785,197.1790838,303.814423,307.6499547,235.3364844,248.0541651,65.18053566,112.1763727,balasana
150.2738636,138.0504126,158.6078817,213.2246691,60.42484367,20.32202107,45.36175535,46.5104493,107.9397695,119.2666381,247.3978632,64.33304067,balasana
180.3618778,201.0934539,217.9944212,174.6641317,156.5474126,161.2460137,18.42573127,146.0175794,222.2830736,183.2108585,105.0330654,83.48782583,balasana
145.6925608,169.7029663,149.2090303,151.0014114,217.2907724,216.0126022,44.93568469,37.4672198,240.7599414,259.9812385,55.01692301,119.910167,balasana
159.3165162,190.7092543,224.1245602,225.0021364,153.0378301,154.3472644,50.64316457,62.90314201,114.7952858,136.00232,216.94136,31.3239882,balasana
143.0392736,156.5938771,217.3607383,215.3847853,149.0129151,149.0920984,43.29649016,54.31150317,101.081949,108.5254942,263.8654778,82.5550152,balasana
165.3873766,179.4477678,143.3868658,130.9078513,223.2428414,221.766408,46.37029683,41.62618742,251.5410759,253.8455119,85.17116266,90.4098906,balasana
162.6853752,176.0189049,166.1116513,166.6911322,213.2079548,216.1446803,37.58914354,36.89045997,263.2806504,266.7986178,66.39241563,103.1577445,balasana
174.5537976,165.3492023,127.6775268,205.5529426,149.5282392,159.3895355,23.0923177,35.59016086,84.01214546,113.2873061,243.0717859,66.15293773,balasana
173.0114377,156.3624201,236.2745328,153.8977736,155.3812417,119.5133134,198.8157003,139.0226744,186.2428037,162.7114289,73.87456204,101.1071699,balasana
195.4906726,186.9841335,184.8336495,165.2376815,170.0302325,126.9193027,65.37548216,55.32258242,154.0934627,158.8812651,16.1806994,199.859555,balasana
168.5494539,159.7392636,133.3816929,205.6410375,152.8807616,149.7061785,21.32063423,35.21042918,83.48255262,118.2440502,246.3525783,67.98839765,balasana
185.7900932,166.7752991,235.6391452,233.5265735,127.8318906,128.9902646,47.51713873,55.58907539,105.3050335,112.7036098,241.0364869,58.46976212,balasana
161.8159789,188.9838387,182.38498,186.6215597,38.01094247,34.00271127,34.20087843,34.78664402,112.6501202,125.4221471,246.443278,62.80100755,balasana
191.4844228,178.6764114,163.0908681,160.4341571,198.4923554,189.1227043,33.80609745,21.75651779,223.1153175,218.5526028,79.84549505,105.2563921,balasana
128.3628758,183.2018232,136.1795687,127.845678,224.2372254,228.3080805,298.0359006,306.5525052,261.9775612,78.94816197,42.93352162,132.952558,balasana
88.47530188,91.84795606,210.1499442,199.3148094,146.9207836,151.2668372,57.14870477,63.27485007,107.7366395,125.8185591,242.2950206,60.05705611,balasana
153.8505428,192.090652,218.3081829,210.6116051,138.580873,150.5799552,56.29429992,66.92880322,123.0597601,118.0358504,206.9934776,23.82247873,balasana
186.5801155,162.8431037,164.9756582,202.2540055,72.32718995,51.33336543,71.76021979,88.16380653,200.2410978,181.8526707,186.4470213,5.89304661,balasana
205.7713856,215.5468548,204.2380172,203.8578255,133.6546303,124.1303484,58.59678421,65.01803755,86.28022195,118.0145704,239.1290119,57.39154621,balasana
145.6810928,171.6718673,83.27585424,102.2636915,116.0649785,118.3497311,40.8555276,47.68482002,236.7129416,221.6255019,173.1860944,12.65445898,garudasana
192.9000611,174.8485115,88.27682361,92.09006507,133.2737838,129.6493332,35.9302691,39.54370321,153.8789465,153.2916741,165.595548,12.51111384,garudasana
166.7927215,173.4220847,111.3203948,53.76165784,84.353756,33.58960773,107.8738083,49.67261352,205.4553305,198.9274344,26.37977338,169.7312009,garudasana
188.5180005,204.1859334,57.76252624,116.471536,32.32662248,37.61751375,60.24848814,174.7325936,171.4502231,271.1097984,332.8108624,53.00479817,garudasana
126.2879673,213.5513618,99.00154998,92.31341317,79.72547945,248.260529,30.63801967,130.6679769,181.2693964,279.419913,17.53354154,93.80770383,garudasana
183.5506435,206.9458982,29.47137567,111.3337305,80.17185892,65.70347689,225.1543451,330.7622337,99.72437286,215.3549069,254.3405095,10.35919685,garudasana
167.6674308,183.6597468,125.4643493,128.3168798,98.27431925,107.8702161,41.07319519,57.81834188,166.9315041,208.484584,344.9980343,154.811514,garudasana
179.1373179,158.4391355,295.2167009,296.9522637,138.1841168,142.4812698,316.8345028,304.0861975,152.2536162,144.4835944,164.2550475,19.57010112,garudasana
210.4294041,278.171214,307.1645634,123.3281553,115.9440817,88.00447754,271.9658155,344.5029329,93.8190813,183.1355793,122.3112753,13.8126779,garudasana
238.3801289,150.9044752,107.5044466,71.78319709,106.8251858,113.7609475,299.7616458,332.0045926,119.0459763,138.3772881,23.30169596,189.4144673,garudasana
161.9476707,192.0986515,96.24174269,79.12108723,16.43368658,70.64838158,171.3233441,321.7928838,88.67740194,163.6085603,287.924031,7.887885719,garudasana
173.7895078,177.453945,322.9948187,132.3961725,93.32122115,19.40149415,136.3090036,299.0476282,207.060211,216.7086783,324.9184341,18.22936469,garudasana
163.4562828,177.6264933,67.74659823,90.02159505,139.6670592,132.8785069,49.8812454,45.07047455,235.8869711,207.6686505,339.8221061,163.7014537,garudasana
161.0273693,170.9492206,102.289791,244.8696559,288.2976218,94.4270276,175.5723909,306.5765635,98.34727239,169.1035536,303.938748,17.30964008,garudasana
147.2019447,203.0994368,276.2436684,136.1867939,69.01432754,7.636673331,257.0837452,260.6198365,158.3912522,150.1076565,105.5834254,32.04293944,garudasana
106.7258017,157.8851906,135.2074061,119.665347,48.18298679,61.9306274,168.2605537,226.6158246,168.1960097,272.2916679,46.87699837,41.39302769,garudasana
138.390435,198.2021008,156.0093343,212.8728191,277.122173,75.99742831,134.6657186,147.9138103,205.4165959,247.0797423,326.8120824,75.14107342,garudasana
156.3278802,187.8790875,111.5281596,100.4783874,89.18021217,94.07284269,29.41736284,72.97873147,180.9928269,245.898692,9.881620204,148.6392393,garudasana
189.2145244,152.4853879,300.3281807,293.8348146,105.0732259,98.0224315,326.2717929,322.3717191,126.7238625,135.4495728,158.7018402,22.85580293,garudasana
114.8895171,292.9887965,119.0055973,10.6392301,85.09269802,99.5579961,46.27911943,54.84092263,173.5539628,164.4867423,342.1151575,148.6795537,garudasana
213.4502277,163.243814,90.06541223,102.093216,48.43175903,62.85229393,188.9549617,316.921178,96.03162128,179.2135925,300.3308315,19.1627437,garudasana
146.8304181,168.0541804,80.07992948,102.7766282,143.1840825,140.8347515,61.79710125,46.62493616,227.8403986,198.489471,274.5504707,96.27996164,garudasana
223.8834032,202.4480041,104.0121532,114.0661013,118.1907749,103.9589339,328.673042,328.6142814,140.2822023,149.9908581,192.5298969,7.424523517,garudasana
186.0938759,130.2045158,269.0536306,99.81486827,123.0276332,114.3816205,284.6784018,319.8220945,193.3144921,195.9380085,218.1345893,3.311464259,garudasana
125.6302671,235.1267717,118.3925387,118.2248447,32.44288015,49.23284183,181.994538,302.7116264,110.7888996,214.5535333,289.7990134,12.43557109,garudasana
213.3168158,171.970544,197.2375815,122.2784988,28.4703084,2.702621423,264.997673,307.4604097,128.1317976,158.5114977,131.6572563,18.66453936,garudasana
227.0516737,206.0314896,35.26414134,120.1737232,19.31001786,35.5868054,239.0530671,255.650376,159.4330883,163.1580419,85.90575509,21.71121377,garudasana
132.3789464,164.4173366,149.2853353,205.87774,279.6619741,79.43176168,123.4547654,199.9823451,118.1534104,179.4234649,320.425491,24.16215194,garudasana
188.1821485,165.8753196,51.03090163,81.30257386,112.8444878,105.8473825,302.1921984,292.1345612,83.79506882,115.4309326,210.9102048,27.14293436,garudasana
201.9441982,205.4591183,106.7846065,118.1232633,92.83287289,80.63708059,277.8174656,332.3219582,94.67685434,243.7657163,219.1967338,10.38551837,garudasana
170.8169156,183.7317894,61.13600214,78.54032464,122.2514177,122.5408458,24.94150199,52.47794409,226.8760155,241.2472009,10.85240578,155.7706225,garudasana
153.0254363,203.7146344,76.24030236,125.804366,8.65396901,36.62892058,57.73647006,192.1740199,190.8516316,228.7347604,338.1156912,46.58718405,garudasana
201.8931683,165.2118323,91.60876462,83.99048732,134.2086756,133.8445129,37.11198717,41.88493676,162.0393676,151.2772244,159.2914554,20.8433202,garudasana
135.1780737,164.9002959,96.39372665,80.85738244,130.8649152,129.0291599,47.08165488,68.3926914,214.6574382,245.739649,345.9658605,150.6144072,garudasana
169.2740358,221.6204434,339.9508643,153.9795128,119.0751061,83.54925633,215.390051,308.3490249,106.7568251,202.4718056,264.3707961,5.726072828,garudasana
165.5112659,178.2719847,8.307041553,10.05077678,99.0396426,93.2490576,115.0379319,150.9142205,196.8999183,209.0708759,37.94622538,83.53888335,garudasana
138.5767236,219.8253602,24.64615501,50.02500231,89.05577517,36.23549456,234.7570365,317.0485483,113.7374418,177.4179841,256.4485285,8.985832862,garudasana
138.5705896,212.8189155,21.2236444,23.17999387,85.94367129,76.62205617,199.208295,264.7774347,159.650697,179.2403851,283.2789405,4.859821259,garudasana
125.3374628,179.0256505,109.9446,109.77284,109.2911079,104.9815804,52.23754998,41.00306227,190.3830225,164.4045869,26.21962577,163.0146163,garudasana
212.065661,163.2734917,209.9892227,207.6028045,8.709877063,1.364948164,112.9442954,111.4923534,224.7571363,219.4243393,319.0656513,142.6356281,garudasana
245.2762746,192.0406225,102.6065708,87.2993508,126.3008432,126.7355239,306.3253713,304.0992871,155.6195825,144.1579101,107.6382476,72.04844095,garudasana
194.7096268,232.3409467,16.76594748,127.1958857,47.24699873,44.83250306,174.8235011,236.6879297,138.4044366,153.4851361,50.56560141,34.97391361,garudasana
222.367686,185.0890747,249.6498673,117.0884267,129.3035607,115.9569244,274.2423987,328.9520143,110.9270711,208.8471257,215.6994324,2.431085175,garudasana
196.1373042,190.6018002,63.67632354,63.94657174,113.2310516,117.1274194,325.7278752,315.2723518,187.8883494,162.7297862,161.7599828,20.61232843,garudasana
179.2052718,227.7818789,10.57083382,39.06214033,12.22254926,6.879821016,183.6300157,180.2368331,208.9815269,190.6181046,96.37512527,82.23095252,garudasana
90.56867647,158.1349134,118.1360051,85.40662751,244.4287567,234.5822448,39.17452137,81.21784955,122.61298,206.22425,340.1021114,128.0547659,garudasana
182.1371302,209.9272462,266.081265,193.2632817,167.1190076,72.0068759,261.1397622,268.2748073,203.6067063,253.9618792,106.2197994,25.78328431,garudasana
142.0852109,197.5877717,82.95030202,92.72751959,112.5127629,118.5328342,30.39158031,81.71211701,203.1166112,253.4925755,1.747853507,153.8822337,garudasana
176.2701784,209.5934666,58.87673759,93.58797749,123.4199325,271.5458155,41.44260734,26.96641992,246.2296311,208.5247674,336.0272534,160.6951383,garudasana
152.1447404,239.4868026,70.05312663,82.6256753,4.34573502,23.34097139,286.3403658,267.7450453,90.17122383,142.6610173,242.559146,22.78200898,garudasana
184.2300057,179.0441745,35.17585296,110.0384221,99.85105022,56.86391552,219.9915907,326.2307523,92.43330708,224.4725933,73.93893931,22.7127038,garudasana
149.9751239,238.0256373,138.3777286,230.0052672,84.69369382,65.94335995,210.8117507,262.2428904,104.7224099,180.3327102,65.72532434,29.08724788,garudasana
163.9781153,149.4132329,257.9813508,92.72921441,125.3686552,68.28523601,301.0312409,285.3552554,138.4241914,186.496855,135.069101,40.18254479,garudasana
153.0846802,175.5998621,117.3159153,121.2821187,40.89962353,84.90216607,184.4694973,245.2451914,108.1427758,173.9864616,270.0016966,14.93402594,garudasana
188.0638888,171.4503183,84.70381493,105.7518578,21.01181422,25.59490988,184.4294963,138.3753908,140.0447527,188.149186,284.6565085,55.54429437,garudasana
112.9991306,202.1797224,65.7334218,64.88874866,26.96821105,37.14022404,261.4744339,294.0443937,122.0664093,165.6950276,246.842353,14.36479224,garudasana
147.8856679,164.2121953,99.24692338,254.8643715,302.6783047,82.08816785,168.3219314,304.1071426,92.05782984,159.2218672,306.082391,16.6741083,garudasana
146.605218,213.9251977,79.87806388,88.79950222,120.1944471,125.6171986,24.55789559,67.91210254,110.3399713,248.3093046,5.230352696,157.694128,garudasana
239.7484546,182.714463,99.63637914,81.87890619,135.0697705,131.9040825,277.5575229,284.1355941,128.662614,125.8212192,29.83553401,150.2040786,garudasana
172.8526991,226.9303351,16.00011008,88.61834542,74.80493007,62.81468829,178.5521379,124.6858798,163.3568525,187.4663605,281.7788259,13.05874533,garudasana
120.4920424,178.1094915,91.54144641,102.7738694,100.6442049,106.1059482,30.92617881,37.98776899,202.2524177,231.6894838,184.3289818,4.290445792,garudasana
202.2298451,173.7525164,101.0438317,94.69150608,113.2662727,110.1438306,312.8329217,261.1163023,186.0981919,163.1163901,163.4062869,38.28486468,garudasana
120.8107757,161.2554709,97.49452026,2.701357571,63.70989034,21.55331857,156.8717161,213.82271,136.9949348,171.2333546,44.1279453,39.81106587,garudasana
164.9854582,225.6909531,108.0701636,252.623553,84.70991502,62.43017998,153.1177583,201.2128317,138.8781729,160.8182559,46.54955305,41.46866003,garudasana
189.8283444,226.3218732,2.930508866,119.9810226,16.37615428,61.39240492,253.8995147,319.155991,118.8534757,199.2039877,220.4251755,7.84422765,garudasana
94.41193472,205.1278977,99.22963152,33.6345404,42.6102052,66.60034781,187.9494353,301.5002768,110.3282496,142.6330881,78.19391894,18.22255444,garudasana
126.2576905,170.539692,93.37384396,108.9898892,107.9214663,106.1828724,48.40668009,42.68049699,185.6272227,192.7325476,343.187435,169.6183771,garudasana
147.2110837,176.9702673,102.0486422,122.3625682,44.61962988,37.00607073,200.4909581,279.4112944,178.7747843,206.5072301,288.7106262,7.339211809,garudasana
148.2813115,193.5798052,72.08864656,95.68987379,119.3117129,119.6466646,47.03791939,33.83647945,243.6718055,195.0735944,166.4749904,10.98476137,garudasana
152.5811866,203.6083485,177.1205663,224.1950067,267.0827603,75.13092053,183.8304156,313.51235,99.72896217,240.2372791,296.106235,17.36153419,garudasana
144.58906,226.3583975,74.15742126,117.3601559,55.51502663,49.6000441,134.5034287,259.2424977,165.445885,180.7987041,309.513559,27.2795682,garudasana
195.2571184,196.5040578,69.59916035,121.0290652,49.49822987,60.18322121,193.4039755,301.2891857,90.70529298,245.5214901,297.2486488,20.81526137,garudasana
149.8506905,193.7125212,88.46810089,93.80987791,126.3054154,234.1903498,33.86168559,41.27889785,177.6441274,232.7817441,6.541459538,166.4874434,garudasana
161.6343508,169.2555915,81.55914812,262.0958426,65.37534288,69.12011709,108.533115,103.6582002,229.0857453,216.1543636,218.6734874,25.42382347,garudasana
120.0355287,133.9650824,177.7595594,178.7813111,80.68701232,85.54369915,83.22017576,79.4488561,234.5965107,214.7036049,65.29626573,113.2397548,marjaryasana
116.2465779,127.5877638,185.1084645,174.6729837,247.8046624,242.1912114,210.0760177,219.2736462,160.0976324,157.2691179,275.0065967,97.57965235,marjaryasana
122.7135363,115.0861263,173.2110385,175.3886386,82.92248999,84.14888273,278.3506337,79.46316033,223.121246,232.4541392,50.53150595,128.947996,marjaryasana
111.8536242,127.1996468,173.4174782,173.7032783,76.71376861,79.91330354,267.0445126,266.511672,215.4328567,226.408467,44.53873111,135.2960461,marjaryasana
162.8788484,122.3973327,175.4231828,183.282259,79.12966719,78.65965847,64.36638828,85.21900312,204.1627602,213.7850505,84.26594638,104.2460007,marjaryasana
115.8493142,114.1706156,169.6532401,173.8804235,67.31610347,75.18961976,218.3979527,92.08277908,138.2558954,179.8550284,96.94486041,140.5039304,marjaryasana
259.085133,236.1794659,183.4727201,181.8187597,87.36844216,86.41665879,78.19394728,80.04805382,168.0195823,153.8372785,225.7419155,45.44071372,marjaryasana
148.2478151,130.29451,169.7870577,171.9970996,89.9006487,92.69777156,267.5517496,273.4123939,210.3475287,218.6586846,81.84296981,95.2456234,marjaryasana
128.9087372,140.368564,170.1010237,169.8346942,61.71712813,70.86809782,81.49829821,80.09363015,178.3926611,194.1891995,3.869088346,182.2215133,marjaryasana
150.4847258,190.0402648,179.9239564,121.3828494,79.53095508,105.6559517,169.3597528,50.89410207,74.00216892,158.7339233,235.1135239,178.5029199,marjaryasana
258.199368,235.2033458,184.9822515,184.291136,82.83425456,84.28280783,92.90089881,100.3919522,138.029693,133.5826057,249.9448489,67.90879713,marjaryasana
113.905499,114.1080418,175.4382039,175.0563585,71.54884209,75.43050508,82.63050679,82.12716567,199.2099272,208.74946,64.40276971,115.1536402,marjaryasana
258.7661162,250.217892,189.1356651,188.2777015,84.34936857,81.2259091,76.6453683,77.58858208,153.264343,150.8637605,252.5184986,70.66795658,marjaryasana
108.6879453,117.4765198,175.0443638,175.1709722,80.19473966,84.59462637,268.2482208,85.30828156,211.6909093,218.7958337,14.90474427,194.8406243,marjaryasana
143.2747097,134.5181991,181.304769,177.9775824,239.6761366,246.9593271,242.5588313,235.7759539,179.523472,174.9002808,194.5650128,20.20638817,marjaryasana
147.3966731,146.9456199,179.6330151,175.9560138,247.9365544,257.4572587,230.2599283,233.5054246,176.7810278,179.3733225,224.1501276,45.68552443,marjaryasana
134.1977519,142.8505398,178.850346,179.5173589,77.55158694,81.86818947,262.293829,92.53350698,199.7330029,200.1138574,61.26137409,118.0742029,marjaryasana
180.0881696,159.8159015,174.6652035,175.8745503,80.1557435,78.84649428,227.9279068,69.25085675,190.4996187,185.1926913,258.1353315,93.76045584,marjaryasana
147.5691862,188.912195,180.1988483,176.2257764,64.55554016,46.9871571,76.35174769,73.47317377,178.2102525,184.3386859,264.7803937,79.55681712,marjaryasana
215.1321695,203.8383471,176.3100849,190.4566981,81.47764074,76.73747934,69.80434685,85.95958198,201.4344039,182.1860695,219.2833521,39.75353686,marjaryasana
100.0608827,121.6156371,172.8348469,175.084305,91.9527505,93.83422337,265.7699089,267.2171205,206.5491156,217.8447369,36.61581567,142.3032096,marjaryasana
252.1697208,242.722812,178.63799,181.9486152,106.0057403,96.1698369,91.39899266,105.9797446,140.2703104,147.8695492,27.2692893,209.6971048,marjaryasana
250.5934635,244.8270424,187.2640759,186.6084095,71.82264082,69.70382828,91.65951838,97.46390016,151.7550136,147.6089227,243.2983574,60.66207305,marjaryasana
112.2798769,118.0899831,175.7298942,176.2890934,73.39860415,77.02844841,261.876788,91.18030778,213.7214124,219.5996635,24.29025632,154.6045423,marjaryasana
119.6732498,128.2746358,174.3253076,171.6905445,64.50519285,65.57401262,84.79214646,83.89792636,210.7264615,217.5238542,15.20873775,195.243379,marjaryasana
193.9170703,215.6930732,178.7686747,177.4174349,90.79051552,89.39803854,98.55023032,105.6375912,147.3884524,141.9065303,12.71320558,164.8805102,marjaryasana
123.6864991,125.7210246,180.221112,174.3119514,83.63439079,87.84252744,270.076905,272.5674672,210.7559416,219.4412049,90.53024181,87.64896201,marjaryasana
130.7809206,135.9197019,174.1042054,169.8267391,272.1092055,273.9878394,257.7959085,256.778744,202.2634848,207.6614311,218.4056695,38.70357713,marjaryasana
122.8000119,133.1842255,176.5098155,177.2021094,253.911545,101.4078604,89.82746415,84.71507221,203.1479517,207.7285111,248.8342654,66.28822131,marjaryasana
126.8587752,110.4855388,155.5604973,178.7485968,50.35431573,67.6041691,144.8184869,137.1022399,151.8411413,145.7884604,195.453462,8.824026811,marjaryasana
261.1291549,246.2301482,188.8539169,189.2813931,79.062009,71.81430884,90.8183835,79.82212397,132.0157592,160.7307337,204.737608,23.72791903,marjaryasana
133.454884,132.9640701,176.295802,174.3050048,69.66230901,75.46173013,79.97991913,74.78291076,219.7428903,225.1814356,86.96304269,91.59861653,marjaryasana
93.15444303,75.32933887,184.0316086,181.1453023,72.88739599,76.70524889,94.78072207,96.1645778,169.0216318,166.0471485,158.8167848,20.48766761,marjaryasana
137.2985736,150.6653382,179.8640246,178.4320623,74.15209553,78.05073146,262.9293899,88.81385547,218.2761629,223.664532,44.88635049,134.6822878,marjaryasana
247.1657344,232.5438017,184.1353793,183.2125,84.00270954,86.48092181,91.23334357,100.2391711,146.2723407,146.7689569,245.5696872,63.34077336,marjaryasana
113.0336215,120.5118046,173.0717327,175.3340908,80.2553928,82.03062825,79.12320586,78.54043068,203.4257662,206.3155847,38.37315132,141.2401068,marjaryasana
246.8145989,232.6779651,188.8413331,189.6600245,82.76413963,85.11251519,86.81701069,91.74280758,157.9180896,149.056376,260.903318,79.99029509,marjaryasana
129.6074766,129.3807379,176.5467788,177.3769265,261.0132975,90.88986965,245.8712641,83.81701426,244.4750074,221.6023166,13.38126133,189.7722421,marjaryasana
258.540363,247.0313438,187.50229,185.2078103,83.98217563,80.22152658,84.49714288,87.20339859,136.3249148,138.8487293,246.5347726,64.79412905,marjaryasana
115.5940598,138.6204003,163.2651905,168.9582405,262.6905479,262.8851776,83.78937943,82.01883311,185.4148515,185.4285942,57.60817759,238.6831155,marjaryasana
128.4035013,120.305285,179.3147349,177.4924497,71.03684979,69.45932851,272.2822578,82.0072104,210.0731061,215.9545315,265.1133417,84.29509644,marjaryasana
242.3217347,215.5312053,190.6904936,197.8530899,101.1935959,89.78797978,88.7845707,98.02327186,134.6790862,139.7123691,69.72828295,214.6405711,marjaryasana
125.4614131,120.9985284,176.539956,174.753378,59.62724627,63.65805924,267.0225178,266.2890365,209.490429,228.792744,13.53745873,165.0249,marjaryasana
118.8748624,123.3100138,178.842185,173.5537288,64.02159166,63.96777489,266.9021965,267.9638045,219.9864382,230.1358131,16.54751336,162.1965986,marjaryasana
251.3341479,243.1435537,188.819267,185.7808381,83.97442268,82.37397424,78.36086833,77.83457107,146.634926,152.6500536,255.6841415,74.02924392,marjaryasana
104.1439413,118.646552,180.4864504,180.3337109,74.44488243,74.14298226,81.70207765,76.34332911,221.9083329,228.6671601,39.98927587,138.661414,marjaryasana
198.7756421,207.8825115,224.1183758,169.7073857,98.25063566,123.3168473,77.47924268,110.5914003,215.5397158,188.2644838,122.3283809,81.10177481,parsva bakasana
216.5751643,197.5377201,236.725709,94.61400175,67.26768201,47.25482564,156.2305939,65.39081946,167.6717743,97.99118782,166.6417104,7.991855183,parsva bakasana
151.565626,193.3404994,197.6562808,131.1325952,214.2007307,266.1187639,175.2000171,145.2888276,155.5465568,130.4429582,2.288722885,154.8408931,parsva bakasana
120.0578633,145.5602529,121.8891869,123.0035513,284.8132392,280.2819893,247.1636211,256.5386962,147.880716,162.3209922,213.8187249,23.20623172,parsva bakasana
160.7831472,160.4103585,164.6698617,166.286936,57.95018977,285.9027989,156.7405121,124.2270499,76.0421251,159.8330772,281.7162145,143.659419,parsva bakasana
176.1262354,217.687812,188.3809069,156.9421756,62.03608566,28.57512173,194.9273702,191.2169299,136.2153784,130.767308,322.5716659,126.2558611,parsva bakasana
132.393379,181.3490196,68.28857381,139.4894549,196.1470293,118.1461094,196.8492736,178.7219161,189.3615979,191.9810216,234.8986204,54.40495091,parsva bakasana
168.246892,192.4262017,147.6818576,105.2506188,267.6966868,289.3057179,166.4808145,97.53186492,157.7894198,169.0875328,292.1875665,193.5852149,parsva bakasana
222.5803666,226.375085,209.5818167,189.7951831,44.48350285,70.41273526,135.4187898,116.6032054,214.7982441,209.3239906,32.80069188,116.561644,parsva bakasana
127.2764103,158.6304186,155.2675659,141.566937,262.1297738,259.7676511,222.1618291,194.5368656,168.7283702,185.0611972,229.6690165,47.19590252,parsva bakasana
216.4374008,231.7957945,223.6172345,213.8890208,73.09953488,74.66027157,51.14116502,40.21307645,162.4499043,171.1402796,47.56458302,142.4576352,parsva bakasana
216.1885174,242.2128511,224.8960986,232.8098414,72.77834467,53.45413798,56.71081154,62.25417157,209.9509463,202.0078522,57.38901767,137.543483,parsva bakasana
185.4723227,218.0466161,194.2173392,163.2847108,37.01669326,35.65066562,163.4440473,167.0060191,209.4850695,191.1850045,135.9465569,98.29223172,parsva bakasana
127.5663881,142.2519942,103.0452612,125.7418546,327.7591235,279.5650464,234.1924738,241.2167697,164.7312155,178.018243,205.3987114,13.51520377,parsva bakasana
66.72567664,63.83106505,165.4664168,40.11168587,191.8871654,228.9325719,218.1975033,202.3815714,166.3079428,135.4391002,233.5143763,18.74827918,parsva bakasana
212.8429619,218.6005351,213.377619,204.3707763,71.75503467,78.4767905,131.4842264,119.3858661,178.457568,192.1270289,35.0605241,144.6339611,parsva bakasana
161.7384217,188.5384744,187.4966974,149.8977404,80.18779806,51.22090361,186.0977175,142.4959011,156.7541328,140.9744036,285.8849383,109.3124583,parsva bakasana
221.2292814,233.1846854,236.9174571,200.881483,96.46951359,103.1266123,83.8179993,90.01794685,181.9145496,183.2109823,78.70429572,101.0552324,parsva bakasana
185.6592542,200.8065733,220.0043992,138.2153285,179.3203308,197.1737438,286.0636917,225.2600629,179.2396653,152.9545053,119.4893407,123.9693907,parsva bakasana
259.7525462,243.4430545,236.7838748,232.8230636,58.97868965,56.63997177,44.56112122,53.5495438,135.1447758,124.3928408,161.6939579,20.24690048,parsva bakasana
141.6704425,171.6375543,105.5504631,103.3937135,319.7532818,309.9224929,58.22351118,92.69157345,165.1716761,132.5336566,197.6827142,20.2972679,parsva bakasana
120.9768983,121.3628739,118.5674188,122.0759044,321.9303467,300.353293,322.6701424,326.9277732,200.9979788,191.7431825,116.7382842,68.39885935,parsva bakasana
131.7258229,216.2056476,202.6999388,176.5205995,90.6656322,43.3489358,77.80707227,222.4018932,135.2478813,151.0265404,282.2020312,94.57086712,parsva bakasana
127.6982985,166.9575771,178.9341988,129.5399818,245.3970993,265.5889706,90.36122532,88.05434995,198.2202909,199.6581133,211.2288872,26.85682721,parsva bakasana
129.3250919,217.4733064,214.3182252,117.8494183,184.5960221,219.7019017,24.38542147,35.22059808,213.949412,142.3790997,219.2071603,71.76407227,parsva bakasana
243.0550142,239.9129447,222.0979056,227.2559669,88.0435834,66.51576415,42.10268174,35.7775775,128.7549571,120.2144984,41.90324745,226.2593026,parsva bakasana
185.5988979,146.9918027,222.4316815,206.4451275,189.7259154,184.1534279,224.9207861,200.5427105,184.3089071,171.1833323,84.91008922,101.0682395,parsva bakasana
159.7463622,195.5817979,16.47997486,137.6058274,279.8737635,39.60835623,71.87075748,15.14372006,177.0904095,107.8785907,241.9237726,240.6193083,parsva bakasana
175.5719546,188.5470008,194.9685534,176.5752722,94.19759608,271.2903734,203.9654857,129.4572698,121.7107207,143.1689097,29.0302202,201.9069389,parsva bakasana
187.1210627,220.7946705,200.3959363,164.3647721,57.14794645,52.37191841,43.48622097,82.3005862,154.5277421,191.9633288,275.4106449,90.27490593,parsva bakasana
214.9839696,223.3948322,213.2299597,170.8079623,130.7428284,152.5044062,170.3844519,131.5594212,217.7795688,195.9720026,103.9830438,93.41660284,parsva bakasana
197.7635588,235.2534195,225.3134304,289.4399165,85.56240854,36.16891885,127.6850174,196.6637329,201.2507329,193.7914736,127.9660514,70.84289053,parsva bakasana
104.2495277,121.3918951,122.2602539,128.4134097,328.462874,303.0613073,34.57697737,314.7466955,175.3040094,179.9356406,128.2998049,73.82238195,parsva bakasana
214.3485039,210.5564626,179.4566308,193.1539562,42.26273987,51.15188951,3.76213899,9.641427325,233.1420228,237.8676324,252.0076534,127.0060574,parsva bakasana
134.2663717,138.1507439,116.7410118,126.3805693,321.3173152,279.0867312,74.81238598,276.1998174,201.7347742,207.0267044,187.9229052,18.89955327,parsva bakasana
157.6502792,208.3869703,176.2160849,132.7572271,249.5301821,256.7200846,224.5164123,102.6928536,169.1139911,165.9824317,267.3273127,94.8327748,parsva bakasana
165.7972478,195.8830892,160.3115873,116.7502835,225.6090075,242.4166566,58.32574106,104.5740896,190.0336961,149.7997507,233.9939101,86.61806483,parsva bakasana
204.0286858,207.9723089,216.9728846,167.1805048,176.930671,177.1471363,264.5600454,206.4755516,184.2687142,140.3272689,223.1930391,132.052197,parsva bakasana
228.6019596,215.2003632,222.8137747,236.2599391,78.49504855,55.8106898,55.8248389,51.35858053,180.4949793,172.9494942,28.9866352,208.6161908,parsva bakasana
129.6611545,143.8977974,79.01688146,83.32440544,38.21233308,54.83439723,83.90020152,77.55926153,185.1553295,172.0639665,196.909526,3.220356638,parsva bakasana
222.4790373,232.8788212,194.4939357,185.2206567,78.02564749,72.10612339,54.011117,43.25690317,154.3122611,172.067412,34.92283765,213.2995025,parsva bakasana
154.7668339,179.8257553,188.1364502,149.5276385,77.96958398,44.68315443,185.5333802,134.7038485,151.8910304,142.5713821,287.7924713,110.664977,parsva bakasana
194.5778229,221.2004937,212.9353894,179.5013936,133.2791202,128.4889998,167.9450631,127.0147042,186.9488007,139.4948649,103.8721926,90.82226508,parsva bakasana
217.1817515,179.3651005,198.155656,211.2035217,28.48973123,48.83049052,178.2844034,154.1088084,229.0119796,231.3200939,98.40406616,86.94179607,parsva bakasana
231.5544575,243.0852786,221.9813047,194.7460435,84.98736714,89.34782523,126.9971335,78.16014469,202.4827988,183.5200233,47.32724435,126.9382561,parsva bakasana
156.3246428,189.1949739,201.0415346,149.5561159,246.8608751,248.8638096,111.7342321,107.8530071,184.900451,190.5572972,268.9136208,80.11244507,parsva bakasana
197.3685243,194.9754909,142.8603216,113.3524277,251.5418001,264.3934432,110.5740667,129.8081025,178.8535936,147.2167214,261.3320645,230.2048679,parsva bakasana
112.0722635,128.9645367,113.7383346,107.5022741,306.6088775,302.6252437,303.3917103,308.9689176,190.0631291,186.4886186,202.0087598,22.21845418,parsva bakasana
158.6116097,185.6246088,170.2101537,163.7559432,64.95633079,284.9842885,222.4341629,149.4255388,170.3466443,158.0414061,250.0479623,84.01080835,parsva bakasana
213.7462235,220.2608319,208.3145055,142.249073,200.3317449,219.1996789,30.8883078,82.46165865,214.7109258,184.1904261,245.7092166,112.0261302,parsva bakasana
197.0255142,220.8045313,242.4750297,214.3929981,59.44981857,84.11384262,157.5251796,122.2413449,230.3731465,218.1841523,259.1340453,96.6619616,parsva bakasana
123.2675704,151.2390253,137.6223789,110.9612137,305.5694163,298.2941247,117.8690409,166.5556274,158.7571665,143.1239356,238.0611351,89.75340645,parsva bakasana
191.0732315,155.1899476,178.6490364,176.8317075,37.87693062,43.29368575,107.1760019,116.4922603,154.012466,144.3854761,192.52522,12.37802168,salabhasana
188.6901651,167.0878183,186.6726073,165.1928281,27.28236194,11.78343321,208.1135505,213.4474597,100.4218207,104.6461154,83.55479261,88.48239287,salabhasana
158.5601719,123.987058,189.53205,179.7236383,19.05160104,13.63673776,208.0008115,208.8451265,121.5178012,104.563945,71.97427445,106.1062949,salabhasana
156.6711438,131.0479279,155.8451063,187.7738252,39.04194942,25.85490272,154.3488316,161.1902485,76.55969629,69.63357372,247.9529197,59.83771772,salabhasana
168.5701327,220.0979964,171.3884831,179.2308283,5.091034653,3.426346833,154.3279558,156.0605497,147.3527052,210.5148632,249.4618788,65.36551671,salabhasana
163.0085412,167.0074575,107.6682461,107.7310307,31.67147107,33.72804172,157.4382904,155.9832223,158.8709152,155.6355927,259.3925874,79.3812787,salabhasana
230.8773453,137.3052907,281.7854173,50.14082788,28.50171147,15.94495716,216.6340414,213.5870132,106.5730079,113.6363257,78.93162902,101.104003,salabhasana
148.8099762,133.2115482,200.8035843,183.1972861,31.54367858,41.63969054,167.6675471,169.6093365,129.3958781,119.3049924,245.1590195,62.83841576,salabhasana
186.2255328,165.7022232,184.9988538,157.1895428,76.78880193,204.0749679,220.7219269,143.84474,145.5059095,137.1556055,99.49200574,66.72183822,salabhasana
95.64657798,114.4139656,167.2501839,176.3515773,125.9596668,126.1676712,158.1644792,182.1464377,82.61402895,157.5956287,221.5980119,266.7851614,salabhasana
166.1508984,164.1096135,172.6191255,173.5505275,345.9156511,334.8876928,156.2609828,158.8356636,195.7389497,197.6765875,225.4779943,41.58113739,salabhasana
196.3384057,227.2489687,194.3518618,179.784145,0.660692618,0.51217219,188.2577117,196.2429603,127.001144,121.3386774,262.6048056,73.51280704,salabhasana
197.6096628,163.5605682,166.2701251,151.5660334,52.27351507,30.36475662,192.7582263,190.131885,112.0688639,115.2316163,71.17850007,105.3199302,salabhasana
210.5129354,164.4625324,189.757248,170.3987301,59.64323327,45.43642207,167.7953742,185.9272449,219.7900235,213.1802737,84.51126201,85.44842314,salabhasana
165.3530047,224.8676309,36.57256371,54.10319601,298.1590418,50.94863673,163.696698,169.4494987,68.45505476,48.61083753,252.772184,61.29883504,salabhasana
194.1920672,165.8046616,170.7432043,158.9402664,14.11833985,329.6918091,167.483813,171.7793657,212.4695145,223.7206316,215.6099595,31.85312459,salabhasana
171.5774233,204.5114644,154.6863628,148.385359,34.04454092,40.72346239,162.272477,162.836329,140.8272225,132.2248006,256.58504,73.99739901,salabhasana
191.5673708,182.1514969,167.4507814,164.4890801,335.9823269,322.3530719,4.943790564,9.80964108,31.81505212,23.33628617,229.3276754,33.48133933,salabhasana
173.2980762,146.1754987,179.863388,169.4891522,296.6268526,293.0384317,170.4673398,169.6083819,147.5879747,137.0932179,252.2845766,70.18848929,salabhasana
175.1093342,127.7190235,175.4637669,176.5781071,39.36248665,32.90145506,171.3865956,168.0257214,154.7779144,154.616007,255.2305444,75.35044108,salabhasana
168.6048565,164.7095741,162.5225897,179.1069711,38.27022318,29.28773319,184.1701781,188.4421368,145.7958952,158.9260498,38.10334759,136.9731077,salabhasana
160.6918232,195.3503914,170.5365875,186.9175372,3.224251528,336.0921392,154.344203,153.048245,184.7851125,186.3292723,230.7643605,49.78287,salabhasana
160.7509755,211.5500182,169.1121268,166.5326813,2.827053676,4.554009944,206.3209552,189.5548971,131.3078841,98.02205963,75.60928745,106.6834427,salabhasana
197.9774654,185.0387179,196.7802314,194.5343592,173.8487025,172.757129,162.2944542,158.7239924,192.1581115,105.9258813,236.8122627,62.58601628,salabhasana
173.6852998,161.7901169,201.3521585,158.5353193,290.6880015,295.742012,176.0745656,162.3372498,106.3684136,140.2042916,255.8957675,81.93829694,salabhasana
211.1315303,201.1419722,190.5320952,201.3914856,25.81427313,19.22246814,97.19321177,147.437351,131.7204236,133.6277196,247.4447526,78.46941242,salabhasana
179.0482307,132.2315756,177.2080989,173.4953756,29.84510527,34.81842269,147.3486908,151.2851692,93.1495999,91.6407342,250.7416455,64.75617668,salabhasana
194.2458023,89.15468032,180.310541,168.1493192,24.65854223,9.576677206,213.9717768,188.3812853,137.5763384,140.2027879,76.97406062,111.1903369,salabhasana
179.1104115,164.9633154,168.2245767,167.6515967,348.9840902,333.5875119,158.6800163,161.6302708,180.7387557,183.9139525,238.9011129,54.18578633,salabhasana
178.1293962,153.1325448,180.9547163,143.9902211,51.41801966,39.98042268,215.9649749,210.430894,172.7889694,136.4242265,79.80297929,106.5449679,salabhasana
140.5239098,128.5099041,167.873836,164.0931269,30.7153921,35.54346461,171.8912413,181.4798646,149.4670813,148.848721,257.1419002,67.91092546,salabhasana
183.1697122,148.5776828,183.2360106,175.8581668,25.69941412,25.36813823,173.7428708,175.1360723,155.3961352,154.5492758,262.0510348,80.0930811,salabhasana
192.5970525,170.6380325,182.8116621,153.6398616,47.19922324,23.9110412,202.9511709,142.8832318,115.0123877,117.095891,112.1809745,60.40808573,salabhasana
210.5321255,208.828969,167.6651003,150.6910906,34.96104111,42.2930066,215.2653746,184.8239383,108.7555357,85.44653711,70.07589139,129.0662182,salabhasana
87.77294916,110.2424973,214.7510366,120.0904449,108.4348702,200.9709017,214.8182798,164.0284461,66.96091017,236.0614121,62.99531481,91.1138539,salabhasana
170.9106252,228.1860453,181.2180458,176.8698093,23.44486343,21.87247828,194.9223543,195.8998437,179.9581675,181.2397398,55.73224823,122.0088538,salabhasana
142.5597046,159.2491609,179.0247178,196.0753038,23.38697925,15.14907931,201.339187,199.7787646,151.7469802,112.804943,53.94820434,124.9841076,salabhasana
161.6942926,161.7974457,188.6250129,172.5764245,41.57840121,37.48623426,206.2153918,202.0136053,132.1849375,125.9696742,80.27157422,97.48351712,salabhasana
148.6949097,124.0004565,192.8977374,207.5241243,19.08730225,0.627910187,224.0993528,215.4082849,170.2580513,163.1341468,70.08134956,112.4817288,salabhasana
145.2135513,175.2737096,160.7288248,156.8468261,31.36946738,301.1322274,150.0501506,133.6285452,185.4244988,225.0946716,267.4406645,93.49792888,salabhasana
154.4765401,198.5797565,149.3523217,127.0633157,295.2308625,278.0810543,159.700659,155.9471197,211.9829796,194.1124097,246.9634464,73.27798264,salabhasana
184.3891107,171.2686086,129.7150936,169.0834852,129.8590419,119.8217708,158.0525317,172.5002209,84.57264564,171.0831931,224.1193267,89.5305967,salabhasana
197.6228092,181.7252795,201.193682,211.2844867,171.5379569,160.7723143,160.4155878,154.0600587,193.7858625,190.5251711,241.8324682,69.74526854,salabhasana
194.6957226,185.7171889,195.4574018,191.0909072,167.7589368,169.8955645,166.8885893,160.0220275,210.6392751,195.6923717,226.776986,53.86033091,salabhasana
173.8385986,210.6146749,184.9927365,173.2971402,27.5685248,32.77114237,185.862533,164.8772088,173.9940985,121.5306446,233.2261222,49.33575555,salabhasana
163.7078756,215.1352984,188.7276896,182.2087593,32.25636258,27.55993033,126.1373286,155.4583832,143.8793245,138.5624306,101.1341549,57.58010999,salabhasana
176.5988119,174.5410972,182.151602,189.1228811,336.6193578,332.2730231,169.4333266,170.8736952,191.9310056,197.7594075,226.6973608,44.59994994,salabhasana
204.5186779,142.2914124,200.763659,163.8677691,43.9126125,38.43523164,221.0832329,205.1465695,151.9210395,111.8058229,71.69686937,108.971732,salabhasana
161.9174291,184.0763854,188.0335164,184.0452985,29.57450628,30.21273197,154.3097202,153.087762,141.0409887,132.7192503,246.2354357,65.21191069,salabhasana
177.9441695,201.322548,212.0398968,188.4511905,12.59521042,0.150659067,184.6617925,114.7208578,143.8439669,103.3380483,234.9288936,247.7776703,salabhasana
169.6084576,149.9558643,170.6386266,164.9283282,48.60035411,47.95284962,153.5229925,149.3053882,200.1478317,218.2720732,252.2401385,74.68778188,salabhasana
164.1780354,166.1169316,160.6608761,176.9817048,11.87093956,336.5523748,166.8125394,171.2383341,204.1316058,222.7120569,223.1261671,37.66894046,salabhasana
146.9848638,149.3948708,84.89088265,97.71364534,21.84009225,7.285008931,181.991944,184.2997366,140.4724254,129.9070631,74.80191478,258.2703863,salabhasana
208.2311044,122.4367732,169.3088753,168.5388481,35.44697494,36.46018132,174.5842351,174.3295092,131.1661794,138.8646397,253.6577369,70.0702482,salabhasana
170.5917155,179.8370656,144.5038148,129.6208834,287.0812848,289.8063031,43.69047722,44.46612629,203.6059289,193.6462566,61.21396739,242.3315636,setu bandha sarvangasana
179.3450059,154.4579344,168.6252651,170.256971,300.6966821,295.8244657,61.22053958,69.75938217,207.7824383,196.8013391,78.67623955,263.7193251,setu bandha sarvangasana
226.9685813,128.4516433,57.75924532,70.60781592,45.49108838,64.13415103,67.0404984,234.920082,195.3387545,166.5203616,138.150456,91.02558662,setu bandha sarvangasana
160.9699136,168.9384204,162.0036697,196.2093762,299.1480343,289.251229,63.14073031,67.37398438,182.0749508,178.4875,76.85591658,259.8909094,setu bandha sarvangasana
156.78921,167.5375736,186.2222033,195.869071,281.6584904,274.0370212,70.38695656,75.91357715,195.743718,182.8031201,111.1612452,295.2226668,setu bandha sarvangasana
150.7046428,153.7431082,100.3242185,83.90715656,66.14425261,75.69946002,43.78469474,38.90706432,188.1874371,180.990235,128.0477299,49.05730794,setu bandha sarvangasana
167.7455098,164.7178771,147.4197704,153.0006157,82.91495441,78.74896228,67.50959613,61.34680112,181.6258847,178.7349927,104.9274168,69.23452979,setu bandha sarvangasana
182.5095218,201.3160243,173.617364,172.7148768,66.62958132,66.60822676,61.16013697,55.41011086,171.2875861,159.8799917,70.61997028,101.8753398,setu bandha sarvangasana
95.76293349,197.3514348,181.7404376,188.4813737,89.03988022,92.11707933,174.6118918,173.893763,228.6046215,141.2384028,93.62939358,89.92409751,setu bandha sarvangasana
221.0569062,198.9589992,78.68267511,265.3866686,126.6457715,141.4456102,98.40329019,116.0120194,191.5274027,183.8952733,244.6453122,49.87993621,setu bandha sarvangasana
161.437246,165.910764,156.8092326,157.1458029,285.2454189,283.9048919,65.81513876,65.2728264,183.6898085,171.2513939,80.69547979,258.0253306,setu bandha sarvangasana
177.887655,155.5321363,207.3648391,203.7487942,281.5586247,287.1530086,49.7012787,48.97477357,183.8842883,182.8414257,61.84561345,240.414747,setu bandha sarvangasana
220.773022,224.0431474,185.0094896,181.5431529,86.60440366,92.79001169,251.7681411,251.5393411,160.3261891,165.1943595,168.975194,9.960043369,setu bandha sarvangasana
152.4889772,171.7407898,154.752599,157.6734267,298.5818301,301.2652957,30.52123345,34.93890939,195.4347261,184.6837774,37.85181082,222.5028855,setu bandha sarvangasana
192.1894183,175.3797242,184.7342044,139.5478915,273.4946191,305.4442539,83.28848777,61.33024697,176.2330758,171.2869345,322.6303898,118.191931,setu bandha sarvangasana
164.229352,179.7267971,168.8994449,154.3961379,286.3727007,279.566275,80.5181231,86.54606608,201.8560997,193.182554,99.02493139,284.4958673,setu bandha sarvangasana
201.7844724,204.4632664,132.6862002,150.1152644,127.7208264,129.3184028,28.80991907,25.22370813,183.1634188,184.7297357,140.9708397,38.65889446,setu bandha sarvangasana
185.5372751,178.9032783,182.5512582,159.9676342,292.1991628,293.5198661,68.86883518,68.0650492,199.236479,186.3784871,75.63564424,256.5081168,setu bandha sarvangasana
172.815349,206.6468504,160.6041151,168.4772877,76.32874104,68.18697226,63.12834166,57.4713017,184.174587,164.959321,82.4814316,91.57553906,setu bandha sarvangasana
176.9740967,202.6337909,174.435392,167.9354787,39.6458136,59.29215009,36.33568282,28.95828992,186.5212911,189.3091824,142.2374408,31.38028175,setu bandha sarvangasana
190.2403536,204.1932737,164.832323,170.3359855,63.32897749,63.35566927,51.16135721,49.25086172,185.6602354,188.321131,113.6370803,63.78924955,setu bandha sarvangasana
171.7258693,174.7248575,160.742059,166.530932,76.02643278,66.90946794,56.61458154,50.25148958,183.3135733,174.9020188,113.8079476,59.39253876,setu bandha sarvangasana
181.2508996,125.4355659,200.0805529,143.1158011,278.4180328,285.984097,65.20262058,64.97284419,208.875653,181.7697079,142.0174593,322.6415266,setu bandha sarvangasana
158.2710997,161.2832196,158.3339848,167.7259373,73.12137628,63.51845464,60.15244011,49.75429892,170.9667303,168.6146451,112.9116446,57.50376404,setu bandha sarvangasana
181.8767015,156.677525,201.9298621,179.5288026,27.80418817,54.77229723,53.19368918,43.26050526,168.8875028,163.6796397,113.0953277,57.79973469,setu bandha sarvangasana
148.1415757,180.3303219,193.2904966,182.9375084,290.3236443,300.6939033,47.16660274,48.65698595,200.9010518,196.8346284,82.88351542,263.3674482,setu bandha sarvangasana
188.3905167,167.6267117,186.3356344,201.1603919,8.145781544,2.298489314,22.00814785,22.22491866,181.6220984,158.2770253,15.20002976,202.5310764,setu bandha sarvangasana
175.7470348,180.7780513,34.44355205,297.4121001,195.0858218,181.4632756,96.3485902,111.2336941,162.2731601,157.7925595,190.7719543,4.702753116,setu bandha sarvangasana
179.2867282,158.3211443,215.3805635,136.802976,306.9717365,316.9781324,19.24203962,31.48316498,140.3163457,138.2401794,0.337234224,191.260458,setu bandha sarvangasana
208.5665658,216.3851437,167.6658761,159.7581863,64.30558579,72.07068788,46.39059058,41.56189114,171.5423132,163.9788533,123.4656622,53.22450629,setu bandha sarvangasana
181.8305873,188.3533384,184.9531361,182.4510311,297.4784327,297.6549276,45.33979104,53.54123068,185.0255385,184.0957039,58.63129182,244.6556874,setu bandha sarvangasana
158.0411013,192.0338509,193.615395,162.1456927,65.84445854,79.24780516,72.22012752,68.60586214,169.796459,176.6486572,96.06459957,82.65802645,setu bandha sarvangasana
186.3954204,171.8953915,189.1813719,182.6382397,299.4594535,308.8015951,64.17776074,70.95253239,180.5307861,175.0066466,55.98827587,243.1729465,setu bandha sarvangasana
155.7685313,161.756646,153.897375,179.3322119,284.3198015,289.175303,53.19734515,55.07775427,197.3516538,182.7698501,61.68431818,242.8405197,setu bandha sarvangasana
131.7042558,178.8483899,154.1891147,182.9580296,297.4429638,15.15302632,56.20933158,96.86597455,117.6889928,132.378529,63.01135035,262.0127846,setu bandha sarvangasana
163.1723765,168.7319882,183.4675982,172.5809815,291.9487511,303.4803858,45.45644192,49.63781475,182.6790603,169.6833524,54.24578476,237.2030674,setu bandha sarvangasana
162.9644002,157.3892891,195.3862356,188.1236347,276.4826365,285.9870721,72.18543183,73.36711358,203.7468103,197.937036,81.34627528,261.2311305,setu bandha sarvangasana
184.2382862,175.0866266,168.0372243,175.05846,12.50258421,17.11312599,33.39236543,35.92410255,197.9276292,173.8840366,107.1155515,77.44071194,setu bandha sarvangasana
151.4564402,160.7717561,160.1568296,157.1707977,80.44052035,72.14923769,60.88704811,54.50224631,177.1091515,172.8919304,104.9886606,69.53310415,setu bandha sarvangasana
148.1553657,143.2536229,191.4307533,199.1358538,292.3530756,288.4327453,54.87664119,60.32156713,197.8418578,178.2685181,70.88128021,254.9252333,setu bandha sarvangasana
198.0160285,192.6856945,175.9008358,171.8084717,65.8804939,61.17529376,50.22437482,42.50226546,183.794167,183.4889761,117.6487003,54.87511325,setu bandha sarvangasana
134.9737907,167.4473858,172.3786845,189.779924,290.1493826,279.4324501,76.19725098,89.0289822,205.6236043,201.6292907,80.25072689,272.433345,setu bandha sarvangasana
167.4184757,121.9566871,155.7329981,123.1936043,291.0026202,287.5222237,47.5194829,46.78849457,192.7814866,183.0852523,40.34105528,220.0582211,setu bandha sarvangasana
187.8366017,153.2457951,168.0237412,162.7058051,69.84299905,67.86381214,72.06430084,72.95739126,166.6367284,157.9295233,84.19419505,96.53599579,setu bandha sarvangasana
195.2664227,185.2638759,167.213015,172.652899,68.69612381,69.59332552,44.11708343,35.49329657,185.5080698,177.5724305,130.6741785,43.02734401,setu bandha sarvangasana
200.3659154,201.7103078,182.6850144,175.877539,42.29319558,42.24747575,83.91064297,64.25865286,161.3619889,180.3720584,98.7971307,71.600468,setu bandha sarvangasana
171.864487,173.5963274,171.0460438,170.6237875,65.03168535,59.98994218,71.4274532,64.67769997,171.7023545,158.645701,95.14323609,79.66653228,setu bandha sarvangasana
184.8763253,167.3848905,196.6760665,152.9971815,282.2280816,286.3802693,50.60674697,47.12293366,196.6506943,200.6444737,63.4323491,238.9530922,setu bandha sarvangasana
152.6682252,146.227181,116.0437319,90.48962001,53.13029898,68.03889736,48.26025097,43.71865832,186.1850964,175.0714818,114.9927877,61.19583028,setu bandha sarvangasana
160.3457727,195.3974515,168.9431267,162.9110463,296.0232068,302.6785779,77.9654379,83.01414323,179.6661731,171.717965,106.8827875,290.4055761,setu bandha sarvangasana
149.741461,166.3678151,155.1199113,152.4681176,280.1484855,277.9779154,77.06067269,75.88884946,212.6245342,211.9180033,96.32236841,272.4658785,setu bandha sarvangasana
165.0430526,152.7251214,186.2981337,193.3274856,295.7103263,291.6217312,73.26712968,78.08130112,194.427844,176.3820155,141.7819908,323.1001734,setu bandha sarvangasana
143.8417123,179.1632601,161.7749292,153.3514607,291.1981455,291.8654163,77.35478202,84.32309452,202.1862895,198.9641888,82.94773375,267.8652732,setu bandha sarvangasana
194.0184677,144.2446544,195.6810287,177.455461,33.34942108,50.65448155,50.33796651,45.63249199,188.3693099,174.3594008,109.5188886,66.08088588,setu bandha sarvangasana
152.3922942,170.71132,151.1634973,199.3919129,293.7252609,291.9798959,61.29752194,69.23191507,189.9463232,185.3910295,80.61223629,266.7280514,setu bandha sarvangasana
186.0839912,191.8675868,167.8602505,167.642592,47.40619267,49.28961578,60.49806229,54.35349129,191.9344334,173.4342744,112.1451787,64.33313384,setu bandha sarvangasana
193.9357638,190.2168356,189.1339128,175.0420939,32.18485312,33.01319943,71.40790876,72.95327232,172.3137151,172.5404567,99.5857124,80.4333621,setu bandha sarvangasana
163.9596792,167.6729924,145.9061369,175.9421458,266.5912365,258.967789,182.1666417,177.9493971,149.8376758,120.5564566,176.7425709,89.52510286,utthita trikonasana
162.0693368,193.3815081,153.0772247,151.6186417,269.9682353,267.4962335,159.7294365,170.5043762,154.0305296,145.5745573,213.7987361,100.0813758,utthita trikonasana
190.0487711,195.3866765,190.2293061,195.9157759,69.89211789,80.17796402,182.7610189,166.9056214,195.6521874,212.4143029,63.0243001,186.6159446,utthita trikonasana
171.9949882,176.585215,183.7454379,170.6656265,241.8818269,71.5712943,164.5116097,183.6629865,96.37372161,142.4103696,106.7325654,182.1091988,utthita trikonasana
181.8271159,224.5886092,189.5493062,151.9270089,236.7010896,61.78498292,187.0428202,194.9563352,71.50474061,141.7436401,58.48461069,159.9452781,utthita trikonasana
99.4829685,166.5923379,129.8559475,160.6796584,43.24490266,261.3952861,188.9803893,189.9546174,151.081268,147.9422038,13.71211911,142.7460221,utthita trikonasana
160.156203,180.2468236,158.614595,173.5051255,50.9948364,274.7069783,180.373928,169.4784769,147.2555433,106.2238533,205.6194962,113.5025722,utthita trikonasana
156.7076646,179.6541971,164.6205053,162.3141174,266.6943897,237.4498643,178.6307353,177.0887059,158.3885601,144.7260112,197.8907178,103.7389696,utthita trikonasana
156.7083215,175.2736088,163.7243043,174.5837575,257.6980368,268.2720264,177.8264975,166.6942273,136.5000148,147.4236792,190.4308651,83.68080726,utthita trikonasana
199.7632326,184.0760374,192.738996,204.0292625,99.24272712,100.4727589,186.9021924,143.8266198,226.9477048,201.8272209,109.5661425,183.8230276,utthita trikonasana
141.3026435,180.1472568,153.3497893,162.6388167,69.80451722,260.6564665,162.9912101,182.3663588,148.5262093,167.9833162,207.3194097,100.9534337,utthita trikonasana
167.4757521,181.2980579,138.3818176,166.4257511,280.0611812,262.3243223,184.6831531,180.0548599,134.6664033,155.9198838,176.4303,84.89283691,utthita trikonasana
163.0906917,165.73132,148.4793995,183.7270799,268.7868008,243.5161755,189.5438081,177.8076995,123.2087797,170.3665874,179.9206652,61.48892563,utthita trikonasana
161.699224,195.098863,164.6565376,162.2329152,82.8869915,254.8787336,170.9299523,185.7858678,152.3896957,170.8216399,194.5424734,84.04112902,utthita trikonasana
149.4673188,181.9081618,174.0668703,169.167667,260.59451,270.5109007,197.5455809,171.8031156,156.4203867,99.95999985,182.049601,104.5862576,utthita trikonasana
146.621061,180.5213424,156.5901512,184.8271677,272.3854061,245.2032078,178.3438398,171.5527037,151.0227158,156.2559383,184.436263,91.49232024,utthita trikonasana
192.1514187,230.5743349,189.2527273,194.9313267,102.2135743,95.81065986,188.6945939,165.4325475,196.3191851,212.0289116,106.5100724,176.7643526,utthita trikonasana
156.2493989,184.9429116,164.970481,161.3903146,269.9924495,259.716894,181.426335,164.8974438,147.9811127,140.4800324,181.0908452,89.18582669,utthita trikonasana
203.9782612,163.6693791,194.3955773,201.4788032,115.8666651,62.76831309,185.1719479,186.618745,262.9138473,208.1476246,100.4170923,176.5700678,utthita trikonasana
197.7804498,228.8035151,184.5040607,182.87352,103.8337348,101.3588366,185.2995715,186.1447667,239.543205,213.2373492,86.79734625,179.6824327,utthita trikonasana
156.3340448,194.1307736,167.3369708,162.642837,84.74549509,252.841668,173.2116239,176.706999,151.281817,120.2354105,196.7771163,95.06864285,utthita trikonasana
199.7386736,174.2234783,189.0998739,198.0363693,127.2685051,88.14097896,108.1166813,184.2034789,115.3443488,195.9742428,3.144545986,184.1551409,utthita trikonasana
187.2311347,192.3166758,189.9167575,198.6762645,112.8669048,84.93128317,187.1311689,166.6977641,187.8095135,212.7123629,99.81219623,175.3111538,utthita trikonasana
243.9138013,167.0501814,184.6276107,183.6295834,101.8548723,97.85926367,190.8471319,187.7863056,203.6735561,218.7211622,224.5496462,117.2725657,utthita trikonasana
191.6252871,232.7772503,185.9293616,175.2457974,86.39201853,102.2584873,177.302346,183.0390719,212.985537,200.9082123,99.24280944,193.8395866,utthita trikonasana
187.1316882,202.6909632,186.8672917,196.196765,109.2518833,96.80870644,188.7698267,186.6097633,250.1084909,204.4161191,89.59834899,172.3456444,utthita trikonasana
192.6151234,194.2439774,185.1932251,179.4392008,121.1817216,85.85442988,181.8877693,180.2959142,217.0909169,200.8411361,86.33399101,166.0927186,utthita trikonasana
187.2713147,193.4802443,187.1639822,186.4898717,121.7823173,72.53945199,186.3398964,116.9155187,238.0664988,193.6434949,140.3613351,184.0055241,utthita trikonasana
191.4414442,214.5717576,191.1548935,181.8914907,105.5981665,68.62080392,185.100065,183.5734744,264.4095712,210.4742881,106.5855898,155.8913107,utthita trikonasana
195.9943282,186.949029,190.2710134,176.4899523,107.533289,84.96213645,13.95027442,182.7304423,125.7051537,222.004082,66.16937731,169.4680641,utthita trikonasana
191.1827318,176.7540332,162.8453163,177.7369742,78.42665589,232.4628367,183.7330624,180.6540967,149.9692545,150.2267564,186.2783687,96.83629454,utthita trikonasana
179.2205296,186.9499199,179.916915,189.524317,173.6749325,110.1185546,179.0154244,181.8959254,200.0686729,226.982422,53.39042451,164.2091814,utthita trikonasana
194.2524366,194.5195851,188.0360973,193.6392893,109.6536929,85.46853597,177.7644514,175.5338751,204.1773045,209.8588605,104.4267838,165.9159318,utthita trikonasana
195.5835774,164.9191539,180.1720148,189.8565235,84.57005483,116.0799754,196.207124,193.2940151,257.3020083,217.5004481,94.07177033,163.8951154,utthita trikonasana
164.7663605,170.8240091,174.5831919,180.3204163,57.82865007,263.5433708,168.0664447,172.6322591,145.2908488,167.7632078,204.8781163,100.8213406,utthita trikonasana
196.7501844,156.9967081,186.4326688,191.5483792,89.7017782,105.1481517,178.1440956,194.2724204,234.7899711,231.1927129,163.3593596,2.021452787,utthita trikonasana
202.3361647,182.7287685,200.9637817,195.6900487,83.36564732,116.2833618,108.7383631,173.7016428,196.3759229,197.670181,175.3310139,130.249178,utthita trikonasana
207.3403159,195.1496668,188.3427103,193.5289203,107.9299279,88.03233328,181.2878309,179.1111399,227.5317712,214.6320748,96.59460959,168.9605311,utthita trikonasana
197.8027284,210.3194321,185.5656643,166.6025523,104.36513,90.5620388,188.7004053,189.6649948,242.188548,205.7578059,96.11266079,165.8568335,utthita trikonasana
158.9724174,167.6150545,152.5857313,175.7820286,261.3098415,258.6994135,182.4761074,177.2448514,148.2876936,124.5478502,178.0469383,87.64337109,utthita trikonasana
172.4587083,193.9083021,171.3199013,164.7335699,242.1947239,245.1798542,186.1871279,164.9434894,114.0590709,232.459828,60.94631532,166.2923675,utthita trikonasana
201.3216831,209.8408571,180.0356907,178.9422012,109.224669,104.8419033,185.1558449,186.5055219,242.5868504,201.7581827,85.12089363,181.2623434,utthita trikonasana
187.2631981,183.6909111,186.4481529,193.6243952,124.5608579,78.07487663,181.8248139,184.1689492,191.8803385,203.1615488,113.7744625,166.6749344,utthita trikonasana
163.6367005,209.6796016,194.8887118,178.4401095,111.4508836,97.21284512,180.9078879,187.9557182,223.1804767,197.3792617,99.72244488,165.4301385,utthita trikonasana
184.3598256,180.5413442,188.4589156,197.407944,116.0331143,81.48246531,185.6978116,172.0872059,218.4178153,205.9744406,95.81766691,184.4758205,utthita trikonasana
154.5748657,187.6805286,175.7558051,172.2719277,85.43894686,244.2969449,177.9904603,180.1907594,158.4763594,126.0926125,195.441477,90.06542891,utthita trikonasana
184.5457043,212.9363651,189.3341473,188.3324839,119.5041698,73.78464456,189.04751,186.9336558,241.9427978,208.906779,117.664895,159.868773,utthita trikonasana
207.9204146,193.7042111,186.5857624,202.0784728,85.30197949,50.89010477,191.1005802,183.2178593,254.0078646,214.4247783,112.8565307,153.9965883,utthita trikonasana
161.3335712,191.625865,181.9322388,164.7970802,240.3178949,252.3124592,185.105342,184.3364818,152.1403274,154.0777808,197.1029552,98.67572424,utthita trikonasana
169.735659,191.8642613,177.7659483,167.3904793,90.92445695,244.8567813,181.3202947,177.0451341,142.3444447,150.7999225,198.1212231,107.8821161,utthita trikonasana
186.390907,191.5151734,183.3267383,193.1933503,114.8770843,97.73893767,187.9701692,194.6575035,272.9989468,213.369527,84.01516123,168.4644591,utthita trikonasana
186.7051044,192.7598652,194.2124838,202.4596523,112.7814793,62.82180859,185.3306555,187.0926542,260.2273682,150.5744461,106.3743657,176.5057474,utthita trikonasana
186.9463883,205.6753921,188.6706818,182.749735,100.1729833,98.85993331,177.5644377,184.2833972,198.739394,212.9807369,76.52866223,169.2467744,utthita trikonasana
158.9291567,181.7171671,154.67112,164.3745761,84.22901153,268.5798785,184.804659,177.5490268,149.299937,127.9046957,186.6110436,101.3349332,utthita trikonasana
189.690463,197.744313,184.2648755,193.2154699,111.4263894,91.65263507,185.4093647,179.5050613,196.6259408,205.9897538,100.7758476,176.4183335,utthita trikonasana
197.388133,196.9629301,189.1699029,179.3350359,108.3459927,92.33670019,185.8273162,171.4823785,222.5040094,215.7291278,102.0110785,156.28011,utthita trikonasana
196.1987806,198.1676498,186.8429463,176.030438,114.6924435,95.97713177,190.8581023,191.0503511,211.8161865,209.6338377,99.52928562,175.5032696,utthita trikonasana
200.806528,203.8710356,197.1043033,197.3848782,110.7137986,86.46944822,184.7892085,169.1622139,247.7460935,204.9243652,91.90774662,164.3480131,utthita trikonasana
182.4296524,172.1519616,111.6476153,171.1287383,260.5241053,240.5200702,299.5450052,275.9316366,146.1150136,132.3337205,188.9671104,15.22106127,utthita trikonasana
178.7881775,203.3168421,177.2376052,181.6546312,108.1638937,89.43492423,184.3403353,187.3555293,257.1167257,210.9656159,90.83918938,170.6936248,utthita trikonasana
174.3732655,181.9677971,163.7387013,165.4338184,81.22148454,240.2939088,242.0934094,182.5754062,148.9898132,154.371019,167.7476266,121.3242873,utthita trikonasana
181.6863024,225.2238414,188.9770317,187.8117287,95.8125814,111.4158282,181.0027699,175.8258153,175.6126795,213.3902248,88.8191873,174.4558517,utthita trikonasana
147.9349093,144.4906254,150.285423,177.3272436,69.08811341,245.3864345,181.1892725,170.257079,151.7282616,117.9806404,176.5894579,103.0882115,utthita trikonasana
209.7057975,174.1255332,208.6808076,200.2925995,74.77480642,117.3493725,178.1386613,186.3996392,202.6761413,227.7384466,192.1961036,97.42363479,utthita trikonasana
197.1447308,187.4257154,206.0117635,201.0326378,105.1743361,81.53616012,185.0473623,176.2673053,227.4502686,193.8723205,108.0012309,161.4228164,utthita trikonasana
152.1243744,189.5993096,167.5403848,166.5375324,90.61007234,184.7413575,180.8535675,174.2520472,137.9025868,157.8431478,181.8693074,68.98404741,utthita trikonasana
10.61696366,203.3066824,186.1393813,192.583359,106.5548346,92.96219649,184.4385325,190.2768942,241.8187626,216.1577144,85.88946383,162.1884886,utthita trikonasana
188.8871303,192.4945209,180.4343324,197.9950147,107.1369609,95.08518446,180.1459518,177.9980637,235.6504531,208.1736723,92.96745882,174.8714182,utthita trikonasana
146.6928442,197.2480805,168.8516139,161.4240992,77.88295168,253.7033928,176.7622237,175.8716241,148.1233668,132.1806508,204.069814,103.2171015,utthita trikonasana
184.0663864,172.9987111,175.0808575,182.10316,108.950852,260.459922,256.8253719,183.4187323,160.6443994,164.9475837,163.9773562,136.146423,virabhadrasana ii
183.9502644,182.5377884,191.9838808,169.4522182,102.1027145,91.35057827,246.1408196,183.2778843,145.9995878,129.6976317,200.4743127,130.8620615,virabhadrasana ii
166.6765778,165.4745367,184.5105513,167.9754992,86.04120351,96.57247513,182.6599447,261.4825092,203.8282084,144.7200565,133.146939,178.5771273,virabhadrasana ii
185.8386614,177.9267382,193.2836375,178.3199875,100.7188109,90.15807764,243.5029815,185.933501,168.3591067,123.4898932,164.197346,133.9739546,virabhadrasana ii
182.4591447,171.5902849,178.2982867,177.0027721,86.25526912,259.4623211,180.512586,92.45458735,185.148544,210.5737258,213.5916903,172.2437313,virabhadrasana ii
185.8909991,164.5272221,178.4314245,175.0120408,93.3108394,92.44645065,248.5879221,189.0064243,151.4806895,153.6314249,157.6072524,137.8614795,virabhadrasana ii
171.7425648,171.0606267,176.5793604,176.3770629,92.83026876,257.0795384,180.9785164,116.5557798,215.57148,214.3276032,230.3696165,151.2514772,virabhadrasana ii
199.4547085,183.6518272,178.4999332,179.6669688,100.7005392,257.3296836,181.9911779,96.84528924,239.3480818,210.3974211,211.1978586,170.1215202,virabhadrasana ii
190.0260142,163.9013624,178.7932915,183.5215564,103.3050813,82.68354841,261.3433095,179.7159788,153.3864587,151.2815103,189.5532712,133.995698,virabhadrasana ii
182.3775902,183.9162452,178.3392985,174.2821252,80.37858427,252.5226428,180.2368259,108.2801871,200.8771878,214.253085,228.8641085,164.0689839,virabhadrasana ii
174.8497114,183.2512077,170.5033357,185.8611431,105.3270814,255.7930954,171.2521935,109.0865473,170.8290913,214.2476618,216.2265621,160.2236128,virabhadrasana ii
195.4080177,165.2696301,183.2431351,170.9246022,100.2971072,258.3987912,182.1221205,98.51623033,169.6636934,208.7644796,215.3275262,165.8355357,virabhadrasana ii
171.046773,172.1278911,175.5057606,182.9461862,107.725485,92.08895748,257.4524048,192.5498529,158.9268993,166.9699546,169.2071464,133.8250288,virabhadrasana ii
193.0815631,174.9797044,175.4816951,182.7213553,105.7321187,265.1142691,238.6842636,182.0188121,148.7143832,176.5391514,200.4855572,128.4149577,virabhadrasana ii
160.6047436,160.9406818,180.1898487,179.8341439,109.206186,251.6723699,250.2005537,182.8496147,141.4232673,159.2560654,146.5493479,132.7688728,virabhadrasana ii
177.7150705,179.9822733,181.7849186,176.0274902,100.7037199,93.57986183,247.9778936,185.7758866,153.9852245,155.5189876,195.2981298,132.5082457,virabhadrasana ii
184.1094234,188.935828,184.0112755,172.5480393,94.60693059,257.8998381,177.5178318,97.65639507,199.1075022,215.969931,221.7255038,166.8206897,virabhadrasana ii
183.5168267,166.9827496,176.0022136,183.2485435,73.01820488,245.4308382,173.960137,110.6026952,153.7516354,239.4120599,120.2114847,135.4761794,virabhadrasana ii
177.7088436,174.0015323,179.3141441,182.2498815,76.71087455,92.00299194,168.9858373,114.7138172,182.8038478,211.4168313,228.988055,153.0791127,virabhadrasana ii
186.8293858,183.4592091,175.9523796,175.8857722,92.59107751,87.85443843,95.70451197,180.4094693,159.5391038,162.484317,187.2542948,144.6832625,virabhadrasana ii
182.371232,176.880805,175.4131424,172.7709674,89.83689431,95.46916614,170.4969717,101.9838089,203.3505803,211.5404811,219.8508496,163.1696559,virabhadrasana ii
190.1709588,186.9679977,163.1721885,171.2631958,91.18441963,93.43015477,178.9163423,138.0096294,209.686431,170.5389317,239.0369033,141.8575945,virabhadrasana ii
179.5076846,182.3583721,178.4743215,177.8461979,94.70945571,262.4134782,260.2803046,187.8872705,148.5508439,148.8279569,165.4929949,141.3168159,virabhadrasana ii
164.9993007,186.3124854,185.1564817,179.9113011,113.3059963,257.7624515,172.847222,103.8876338,214.2456022,203.5160924,217.477211,154.3310779,virabhadrasana ii
190.2975015,166.7133887,178.2786208,184.0417827,102.1411174,85.52904221,85.20857127,194.736144,156.3247896,115.1138037,182.8219134,147.5979986,virabhadrasana ii
174.3247243,166.5633801,175.3582106,177.1733399,98.51245322,261.6372851,182.8524315,103.2182515,232.6004932,210.1507543,219.0893104,161.2220685,virabhadrasana ii
163.1570959,179.2145207,185.6837946,181.168532,255.2674748,103.8993615,172.1092965,260.0890623,168.2870217,154.4234458,136.7961934,185.8344613,virabhadrasana ii
191.6091806,184.3110598,175.1515796,180.4496993,102.0384554,258.7389066,177.6083548,108.8026922,225.5701539,217.0509022,217.6592254,160.641262,virabhadrasana ii
169.1915127,183.6593801,171.0309689,172.7195825,38.72293334,99.74185862,98.90468718,174.1555262,200.1709946,109.7987627,175.8860878,212.3870667,virabhadrasana ii
162.0092245,179.2772783,177.5861363,167.4033673,89.63813932,260.1574768,189.2793922,109.4107203,201.7290087,204.2769576,139.8339698,181.0117418,virabhadrasana ii
171.1763399,177.1986258,188.9544104,188.6860046,108.4668818,261.3290324,244.6132472,184.0508295,155.2224941,155.91512,192.6546081,129.4685724,virabhadrasana ii
172.6650521,171.0731929,176.2310444,178.7770719,97.72035002,260.4654341,179.1392293,99.62593019,234.2246198,213.047188,215.8536323,167.0685581,virabhadrasana ii
169.8955156,186.0590185,186.032702,171.3784542,92.70111008,96.27043245,184.1553359,99.75140144,207.4153452,209.6617057,213.7815321,163.4420662,virabhadrasana ii
166.5060383,182.7260804,168.6638223,169.7772272,79.65284398,95.18163372,176.558321,101.1538053,216.8131248,208.2353527,214.5119601,160.2635442,virabhadrasana ii
173.7198927,181.3736676,176.061521,176.0818679,99.37966175,251.9784246,232.8568009,186.9234177,152.8893348,194.0460362,144.7980361,133.8899436,virabhadrasana ii
186.1490652,192.4369193,183.3071469,176.2565894,107.4498332,253.1786753,168.8396246,102.4527246,214.3948043,214.2665353,220.0276701,159.8329182,virabhadrasana ii
182.0415326,183.59613,179.0117122,177.5988087,97.66764253,259.6894541,177.0876347,110.273894,202.9509878,210.9275787,219.7718606,155.2306502,virabhadrasana ii
181.3544015,155.9028772,183.121523,170.5551485,260.4083163,135.9286004,174.2975037,258.1307941,164.2637863,148.5288504,138.0232053,182.305169,virabhadrasana ii
168.3346089,180.4014563,188.494818,177.8108556,92.74487867,92.853616,164.5443518,123.4291371,235.3802421,212.5336777,227.2296401,145.6322081,virabhadrasana ii
180.9724595,182.3417038,178.7549521,176.3244812,99.73873089,264.6741093,179.5157208,112.7139595,200.1402645,203.6120616,217.6505488,157.6766948,virabhadrasana ii
178.9507604,171.261375,179.5176556,175.5887856,101.5691837,267.8717328,233.3720884,180.6355065,153.6494868,134.7340576,156.2046122,138.2752375,virabhadrasana ii
185.073476,176.1894121,180.3147534,177.9021747,100.8763191,92.97579249,256.348071,179.2984331,151.909391,140.345085,163.4865539,143.3445527,virabhadrasana ii
169.9444821,166.044204,174.5998892,187.8895133,107.1368768,241.9983169,214.5137202,186.436311,148.1193077,217.7132889,227.2898765,118.7321261,virabhadrasana ii
194.4888371,180.095326,185.6082993,181.3229384,98.01732921,264.2511794,175.1804537,116.0423453,210.0325789,205.9747116,217.1660282,157.5977225,virabhadrasana ii
191.3767866,185.3513797,176.2510519,177.5715652,88.12886449,253.1580339,173.9330295,100.2657397,192.8704351,205.5414508,224.8102016,173.6420954,virabhadrasana ii
165.7196563,176.6541072,192.3364136,184.3688818,104.9929008,262.2542131,263.227058,180.4028094,165.3275155,167.6653665,191.2263334,137.5410365,virabhadrasana ii
173.7030273,184.1159768,185.4816399,168.1104183,103.0060124,261.3990546,255.3917039,190.3181023,154.4751857,164.6426602,166.7794216,140.8864113,virabhadrasana ii
189.8624985,167.9330229,169.1870604,178.5881322,93.09392019,93.38886354,180.7776555,111.3623087,213.6233175,214.2092587,219.6578904,160.0260979,virabhadrasana ii
203.5316847,163.7033307,175.1161084,173.9143782,95.02039283,262.0229056,233.8079302,179.9478854,147.4754676,161.6370466,157.3744989,138.4183823,virabhadrasana ii
178.6771789,173.8755103,180.2653667,170.8134358,94.11704779,245.0236141,31.1160167,171.9296628,157.3525106,181.049059,251.4504996,19.58530513,virabhadrasana ii
176.7103956,170.30188,181.8104506,165.5854858,101.0152734,84.6030849,256.1412951,185.3353127,159.4698213,169.5632941,163.6962284,139.8682004,virabhadrasana ii
180.83459,172.0415574,169.7131168,185.4102978,94.32408009,83.30910043,263.1357626,184.3864561,154.3964189,141.4461029,171.4576041,140.5415003,virabhadrasana ii
179.0421618,180.0770723,179.7183274,173.3509482,95.84731731,259.6466412,182.5914369,113.8652779,252.7180992,218.6438605,224.3377725,158.3667433,virabhadrasana ii
189.1777208,178.8588909,181.3030988,178.7229111,102.7130647,258.7158608,168.2277564,91.5466515,201.024588,203.9514246,215.4347816,167.54308,virabhadrasana ii
169.8779564,178.2853934,172.1518795,168.6037673,86.08247352,92.15267226,187.7595811,108.8734587,182.6717873,203.0729709,215.3352921,163.1763923,virabhadrasana ii
